59.8,602.3,274.2,0.352,0.044,-0.005,-0.06,-1.67,-0.015,-0.089,-1,-1,NORMAL
60.18,602.29,274.27,0.3871,-0.001,-0.012,-0.001,-1.668,-0.016,-0.09,-1,-1,NORMAL
60.56,602.28,274.34,0.4222,-0.04,0.02,-0.009,-1.668,-0.021,-0.09,-1,-1,NORMAL
60.94,602.27,274.41,0.4573,0.003,0.004,-0.013,-1.669,-0.023,-0.09,-1,-1,NORMAL
61.32,602.26,274.48,0.4924,0.003,0.004,-0.013,-1.669,-0.023,-0.09,-1,-1,NORMAL
61.7,602.25,274.55,0.5275,-0.037,-0.005,0.001,-1.668,-0.024,-0.09,-1,-1,NORMAL
62.08,602.24,274.62,0.5626,0.006,-0.011,0.016,-1.668,-0.024,-0.089,-1,-1,NORMAL
62.46,602.23,274.69,0.5977,0.031,-0.003,-0.022,-1.666,-0.022,-0.088,-1,-1,NORMAL
62.84,602.22,274.76,0.6328,-0.001,-0.015,0.004,-1.667,-0.019,-0.088,-1,-1,NORMAL
63.22,602.21,274.83,0.6679,-0.024,0.003,-0.087,-1.665,-0.013,-0.087,-1,-1,NORMAL
63.6,602.2,274.9,0.703,0.013,-0.02,-0.13,-1.66,-0.012,-0.087,-1,-1,NORMAL
63.95,602.19,274.94,0.7382,0.026,-0.004,-0.149,-1.653,-0.012,-0.087,-1,-1,NORMAL
64.3,602.18,274.98,0.7734,0.005,0.023,-0.171,-1.637,-0.016,-0.087,-1,-1,NORMAL
64.65,602.17,275.02,0.8086,0.003,0.031,-0.138,-1.623,-0.021,-0.086,-1,-1,NORMAL
65,602.16,275.06,0.8438,-0.015,-0.017,-0.057,-1.618,-0.022,-0.086,-1,-1,NORMAL
65.35,602.15,275.1,0.879,0.009,0.01,-0.089,-1.61,-0.024,-0.085,-1,-1,NORMAL
65.7,602.14,275.14,0.9142,-0.038,-0.021,-0.086,-1.604,-0.02,-0.084,-1,-1,NORMAL
66.05,602.13,275.18,0.9494,-0.024,-0.025,-0.073,-1.598,-0.019,-0.084,-1,-1,NORMAL
66.4,602.12,275.22,0.9846,-0.064,-0.042,-0.032,-1.594,-0.019,-0.084,-1,-1,NORMAL
66.75,602.11,275.26,1.0198,-0.028,-0.011,0.043,-1.595,-0.021,-0.085,-1,-1,NORMAL
67.1,602.1,275.3,1.055,0.024,-0.001,0.028,-1.598,-0.023,-0.085,-1,-1,NORMAL
67.14,602.07,275.33,1.0198,-0.009,0.022,0.016,-1.598,-0.026,-0.085,-1,-1,NORMAL
67.18,602.04,275.36,0.9846,-0.03,-0.031,0.103,-1.6,-0.028,-0.084,-1,-1,NORMAL
67.22,602.01,275.39,0.9494,-0.016,-0.053,0.101,-1.602,-0.029,-0.084,-1,-1,NORMAL
67.26,601.98,275.42,0.9142,0.03,0.048,0.053,-1.601,-0.029,-0.084,-1,-1,NORMAL
67.3,601.95,275.45,0.879,0.063,0.01,0.074,-1.604,-0.024,-0.083,-1,-1,NORMAL
67.34,601.92,275.48,0.8438,0.039,0.011,0.043,-1.607,-0.023,-0.083,-1,-1,NORMAL
67.38,601.89,275.51,0.8086,0.033,0,0.007,-1.607,-0.019,-0.082,-1,-1,NORMAL
67.42,601.86,275.54,0.7734,-0.013,0.004,0.047,-1.609,-0.021,-0.082,-1,-1,NORMAL
67.46,601.83,275.57,0.7382,-0.015,0.022,0.043,-1.612,-0.02,-0.082,-1,-1,NORMAL
67.5,601.8,275.6,0.703,0.005,0.037,0.036,-1.612,-0.02,-0.081,-1,-1,NORMAL
67.79,601.77,275.64,0.703,-0.044,-0.008,0.054,-1.612,-0.018,-0.08,-1,-1,NORMAL
68.08,601.74,275.68,0.703,-0.068,-0.064,0.034,-1.614,-0.022,-0.08,-1,-1,NORMAL
68.37,601.71,275.72,0.703,-0.007,-0.068,0.079,-1.617,-0.026,-0.079,-1,-1,NORMAL
68.66,601.68,275.76,0.703,-0.006,-0.038,0.048,-1.615,-0.025,-0.077,-1,-1,NORMAL
68.95,601.65,275.8,0.703,0.044,-0.077,0.031,-1.615,-0.02,-0.075,-1,-1,NORMAL
69.24,601.62,275.84,0.703,0.024,-0.06,0.015,-1.615,-0.013,-0.071,-1,-1,NORMAL
69.53,601.59,275.88,0.703,-0.014,-0.056,-0.005,-1.616,-0.009,-0.069,-1,-1,NORMAL
69.82,601.56,275.92,0.703,-0.013,-0.03,0.041,-1.618,-0.007,-0.065,-1,-1,NORMAL
70.11,601.53,275.96,0.703,-0.013,-0.03,0.041,-1.618,-0.007,-0.065,-1,-1,NORMAL
70.4,601.5,276,0.703,-0.018,-0.019,0.037,-1.62,-0.003,-0.062,-1,-1,NORMAL
70.77,601.45,275.96,0.6679,0.007,-0.056,0.064,-1.621,0.005,-0.058,-1,-1,NORMAL
71.14,601.4,275.92,0.6328,-0.035,-0.08,0.05,-1.624,0.011,-0.054,-1,-1,NORMAL
71.51,601.35,275.88,0.5977,-0.028,-0.052,0.037,-1.63,0.019,-0.05,-1,-1,NORMAL
71.88,601.3,275.84,0.5626,0.003,-0.058,0.027,-1.632,0.022,-0.046,-1,-1,NORMAL
72.25,601.25,275.8,0.5275,0.011,-0.056,0.032,-1.632,0.019,-0.043,-1,-1,NORMAL
72.62,601.2,275.76,0.4924,-0.019,-0.056,0.036,-1.635,0.018,-0.039,-1,-1,NORMAL
72.99,601.15,275.72,0.4573,-0.031,-0.031,0.007,-1.637,0.016,-0.036,-1,-1,NORMAL
73.36,601.1,275.68,0.4222,-0.016,-0.045,-0.006,-1.637,0.016,-0.033,-1,-1,NORMAL
73.73,601.05,275.64,0.3871,-0.022,0.008,0.027,-1.636,0.013,-0.03,-1,-1,NORMAL
74.1,601,275.6,0.352,0.049,-0.017,0.042,-1.635,0.009,-0.027,-1,-1,NORMAL
74.52,600.98,275.53,0.4223,0.005,-0.021,0.007,-1.636,0.007,-0.024,-1,-1,NORMAL
74.94,600.96,275.46,0.4926,0.002,0.014,0.015,-1.639,0.005,-0.023,-1,-1,NORMAL
75.36,600.94,275.39,0.5629,0.002,0.02,0.011,-1.641,0.002,-0.021,-1,-1,NORMAL
75.78,600.92,275.32,0.6332,-0.008,0.011,-0.006,-1.637,0.001,-0.019,-1,-1,NORMAL
76.2,600.9,275.25,0.7035,0.053,-0.01,0.078,-1.638,0.001,-0.018,-1,-1,NORMAL
76.62,600.88,275.18,0.7738,0.031,0.019,0.067,-1.636,0,-0.017,-1,-1,NORMAL
77.04,600.86,275.11,0.8441,-0.007,0.068,-0.016,-1.636,-0.006,-0.017,-1,-1,NORMAL
77.46,600.84,275.04,0.9144,0.023,0.051,-0.018,-1.633,-0.008,-0.017,-1,-1,NORMAL
77.88,600.82,274.97,0.9847,-0.005,0.031,0.077,-1.637,-0.011,-0.017,-1,-1,NORMAL
78.3,600.8,274.9,1.055,-0.072,0.012,0,-1.637,-0.01,-0.017,9.13,0.42,NORMAL
78.66,600.79,274.87,1.055,0.001,-0.006,0.085,-1.637,-0.011,-0.018,9.22,0.42,NORMAL
79.02,600.78,274.84,1.055,-0.029,0.043,0.017,-1.637,-0.013,-0.019,9.49,0.44,NORMAL
79.38,600.77,274.81,1.055,0.062,0.008,0.033,-1.634,-0.015,-0.02,-1,-1,NORMAL
79.74,600.76,274.78,1.055,0.001,0.074,-0.034,-1.633,-0.014,-0.02,-1,-1,NORMAL
80.1,600.75,274.75,1.055,-0.028,0.027,-0.033,-1.635,-0.013,-0.02,-1,-1,NORMAL
80.46,600.74,274.72,1.055,-0.014,0.043,0.08,-1.635,-0.012,-0.021,-1,-1,NORMAL
80.82,600.73,274.69,1.055,0.013,0.028,-0.003,-1.633,-0.014,-0.022,-1,-1,NORMAL
81.18,600.72,274.66,1.055,0.046,0.006,-0.01,-1.632,-0.016,-0.023,-1,-1,NORMAL
81.54,600.71,274.63,1.055,0.025,0.079,0.007,-1.631,-0.018,-0.023,32.53,1.43,NORMAL
81.9,600.7,274.6,1.055,0.011,0.037,0.035,-1.631,-0.017,-0.023,-1,-1,NORMAL
82.27,600.66,274.67,1.0198,0.011,0.037,0.035,-1.631,-0.017,-0.023,-1,-1,NORMAL
82.64,600.62,274.74,0.9846,-0.016,-0.008,0.049,-1.63,-0.014,-0.022,-1,-1,NORMAL
83.01,600.58,274.81,0.9494,-0.023,-0.031,0.038,-1.631,-0.011,-0.022,33.64,1.48,NORMAL
83.38,600.54,274.88,0.9142,-0.039,0.006,0.041,-1.633,-0.013,-0.021,34.13,1.5,NORMAL
83.75,600.5,274.95,0.879,-0.019,0.006,0.033,-1.632,-0.014,-0.021,-1,-1,NORMAL
84.12,600.46,275.02,0.8438,-0.009,0.033,-0.043,-1.631,-0.019,-0.021,-1,-1,NORMAL
84.49,600.42,275.09,0.8086,-0.043,-0.01,-0.145,-1.629,-0.02,-0.02,-1,-1,NORMAL
84.86,600.38,275.16,0.7734,0.051,-0.014,-0.102,-1.624,-0.02,-0.019,-1,-1,NORMAL
85.23,600.34,275.23,0.7382,0.047,0.043,-0.189,-1.621,-0.017,-0.017,-1,-1,NORMAL
85.6,600.3,275.3,0.703,-0.023,0.028,-0.069,-1.622,-0.014,-0.016,-1,-1,NORMAL
85.86,600.3,275.3,0.703,0.052,-0.031,-0.122,-1.619,-0.013,-0.015,-1,-1,NORMAL
86.12,600.3,275.3,0.703,0.033,0.034,-0.128,-1.617,-0.016,-0.016,-1,-1,NORMAL
86.38,600.3,275.3,0.703,-0.026,0.069,-0.103,-1.611,-0.023,-0.016,-1,-1,NORMAL
86.64,600.3,275.3,0.703,-0.015,0.045,-0.082,-1.601,-0.037,-0.016,-1,-1,NORMAL
86.9,600.3,275.3,0.703,0.068,-0.008,-0.075,-1.598,-0.038,-0.016,-1,-1,NORMAL
87.16,600.3,275.3,0.703,0.012,-0.009,-0.077,-1.589,-0.036,-0.017,-1,-1,NORMAL
87.42,600.3,275.3,0.703,0.02,0.014,-0.078,-1.579,-0.045,-0.017,-1,-1,NORMAL
87.68,600.3,275.3,0.703,-0.018,0.046,-0.092,-1.58,-0.047,-0.017,-1,-1,NORMAL
87.94,600.3,275.3,0.703,-0.03,0.014,-0.082,-1.581,-0.047,-0.018,-1,-1,NORMAL
88.2,600.3,275.3,0.703,0.003,-0.016,-0.038,-1.579,-0.044,-0.017,-1,-1,NORMAL
88.13,600.17,275.37,0.703,-0.022,-0.0135,-0.0465,-1.5715,-0.04,-0.017,-1,-1,NORMAL
88.06,600.04,275.44,0.703,-0.047,-0.011,-0.055,-1.564,-0.036,-0.017,-1,-1,NORMAL
87.99,599.91,275.51,0.703,-0.017,-0.037,-0.076,-1.557,-0.04,-0.017,-1,-1,NORMAL
87.92,599.78,275.58,0.703,-0.027,-0.034,0.037,-1.559,-0.04,-0.017,-1,-1,NORMAL
87.85,599.65,275.65,0.703,0.019,-0.061,0.048,-1.56,-0.041,-0.017,-1,-1,NORMAL
87.78,599.52,275.72,0.703,0.007,-0.003,0.036,-1.561,-0.038,-0.018,-1,-1,NORMAL
87.71,599.39,275.79,0.703,-0.003,-0.031,0.046,-1.567,-0.037,-0.018,-1,-1,NORMAL
87.64,599.26,275.86,0.703,0.005,0.012,0.046,-1.575,-0.04,-0.018,-1,-1,NORMAL
87.57,599.13,275.93,0.703,-0.028,-0.038,0.048,-1.576,-0.04,-0.018,-1,-1,NORMAL
87.5,599,276,0.703,-0.027,-0.084,0.087,-1.583,-0.035,-0.018,-1,-1,NORMAL
87.51,598.92,276.07,0.7733,-0.043,-0.064,0.076,-1.591,-0.029,-0.017,-1,-1,NORMAL
87.52,598.84,276.14,0.8436,-0.005,-0.034,0.071,-1.604,-0.028,-0.017,-1,-1,NORMAL
87.53,598.76,276.21,0.9139,-0.033,0.007,0.011,-1.606,-0.027,-0.015,-1,-1,NORMAL
87.54,598.68,276.28,0.9842,-0.074,-0.054,0.037,-1.605,-0.023,-0.012,23,0.95,NORMAL
87.55,598.6,276.35,1.0545,-0.005,-0.053,-0.007,-1.605,-0.021,-0.011,23.23,0.95,NORMAL
87.56,598.52,276.42,1.1248,-0.009,-0.028,-0.004,-1.605,-0.023,-0.01,23.63,0.97,NORMAL
87.57,598.44,276.49,1.1951,-0.02,-0.01,0.045,-1.607,-0.026,-0.009,23.73,0.97,NORMAL
87.58,598.36,276.56,1.2654,0.002,0.011,-0.022,-1.609,-0.026,-0.007,23.67,0.97,NORMAL
87.59,598.28,276.63,1.3357,-0.051,-0.032,0.043,-1.611,-0.023,-0.005,23.61,0.97,NORMAL
87.6,598.2,276.7,1.406,0.003,-0.044,0.065,-1.614,-0.018,-0.003,23.3,0.96,NORMAL
87.84,598.21,276.56,1.406,0.013,-0.071,0.059,-1.614,-0.019,-0.002,23.04,0.95,NORMAL
88.08,598.22,276.42,1.406,0.019,-0.026,0.034,-1.612,-0.021,0,23.22,0.95,NORMAL
88.32,598.23,276.28,1.406,-0.025,-0.02,-0.055,-1.611,-0.022,0.002,23.37,0.96,NORMAL
88.56,598.24,276.14,1.406,-0.024,-0.019,0.009,-1.612,-0.024,0.004,24.51,1.01,NORMAL
88.8,598.25,276,1.406,-0.024,-0.019,0.009,-1.612,-0.024,0.004,24.51,1.01,NORMAL
89.04,598.26,275.86,1.406,-0.064,-0.003,-0.009,-1.611,-0.024,0.006,24.63,0.98,NORMAL
89.28,598.27,275.72,1.406,0.002,-0.066,-0.003,-1.612,-0.022,0.008,24.57,0.98,NORMAL
89.52,598.28,275.58,1.406,-0.02,-0.028,-0.031,-1.612,-0.023,0.011,24.51,0.98,NORMAL
89.76,598.29,275.44,1.406,-0.015,-0.049,-0.011,-1.613,-0.023,0.014,24.62,0.98,NORMAL
90,598.3,275.3,1.406,-0.021,-0.078,0.011,-1.608,-0.021,0.019,24.29,0.97,NORMAL
90.25,598.4,275.19,1.5115,-0.035,-0.072,0.046,-1.614,-0.012,0.023,23.99,0.96,NORMAL
90.5,598.5,275.08,1.617,-0.036,-0.077,0.024,-1.616,-0.001,0.027,24.39,0.98,NORMAL
90.75,598.6,274.97,1.7225,-0.02,-0.075,0.016,-1.62,0.005,0.031,24.5,0.98,NORMAL
91,598.7,274.86,1.828,-0.03,-0.068,0.03,-1.618,0.013,0.035,24.58,0.98,NORMAL
91.25,598.8,274.75,1.9335,0.005,-0.053,0.024,-1.623,0.018,0.038,24.605,0.98,NORMAL
91.5,598.9,274.64,2.039,0.034,-0.022,0.004,-1.621,0.017,0.042,24.63,0.98,NORMAL
91.75,599,274.53,2.1445,-0.034,-0.038,0.042,-1.623,0.016,0.046,24.68,0.96,NORMAL
92,599.1,274.42,2.25,-0.028,-0.045,0.032,-1.627,0.021,0.05,24.7,0.96,NORMAL
92.25,599.2,274.31,2.3555,-0.02,-0.038,-0.001,-1.628,0.02,0.053,25.24,0.98,NORMAL
92.5,599.3,274.2,2.461,-0.019,-0.016,0.016,-1.624,0.021,0.057,25.285,0.985,NORMAL
92.37,599.43,274.1,2.4258,-0.027,-0.046,0.014,-1.628,0.025,0.061,25.33,0.99,NORMAL
92.24,599.56,274,2.3906,-0.022,-0.013,-0.029,-1.628,0.025,0.065,25.47,0.99,NORMAL
92.11,599.69,273.9,2.3554,-0.024,-0.006,0.02,-1.628,0.026,0.069,25.84,1.01,NORMAL
91.98,599.82,273.8,2.3202,0.007,-0.045,-0.024,-1.627,0.033,0.074,25.64,1,NORMAL
91.85,599.95,273.7,2.285,-0.061,-0.023,-0.064,-1.628,0.04,0.078,25.96,1.01,NORMAL
91.72,600.08,273.6,2.2498,-0.01,-0.035,-0.011,-1.628,0.042,0.082,25.73,1.02,NORMAL
91.59,600.21,273.5,2.2146,-0.02,-0.006,-0.019,-1.626,0.042,0.085,25.755,1.02,NORMAL
91.46,600.34,273.4,2.1794,-0.051,0.003,-0.012,-1.625,0.045,0.089,25.78,1.02,NORMAL
91.33,600.47,273.3,2.1442,0.024,-0.037,0.026,-1.624,0.049,0.094,26.06,1.03,NORMAL
91.2,600.6,273.2,2.109,-0.007,-0.026,-0.004,-1.62,0.05,0.097,26.29,1.04,NORMAL
91.64,600.67,272.88,2.32,-0.032,-0.012,0.012,-1.619,0.052,0.101,26.76,1.06,NORMAL
92.08,600.74,272.56,2.531,-0.021,0.012,-0.061,-1.62,0.049,0.105,27.14,1.07,NORMAL
92.52,600.81,272.24,2.742,-0.005,-0.015,-0.001,-1.62,0.05,0.109,27.76,1.1,NORMAL
92.96,600.88,271.92,2.953,-0.022,-0.012,0.008,-1.618,0.051,0.112,29.43,1.16,NORMAL
93.4,600.95,271.6,3.164,-0.049,-0.027,-0.012,-1.619,0.055,0.115,29.65,1.17,NORMAL
93.84,601.02,271.28,3.375,-0.055,-0.012,-0.012,-1.621,0.053,0.118,29.83,1.12,NORMAL
94.28,601.09,270.96,3.586,-0.028,0.041,-0.046,-1.62,0.046,0.121,30.105,1.13,NORMAL
94.72,601.16,270.64,3.797,-0.09,0.013,-0.009,-1.615,0.042,0.123,30.38,1.14,NORMAL
95.16,601.23,270.32,4.008,-0.058,-0.031,0.056,-1.616,0.041,0.126,30.395,1.145,NORMAL
95.6,601.3,270,4.219,0.036,0.03,-0.062,-1.615,0.04,0.129,30.41,1.15,NORMAL
95.78,601.24,269.79,4.3284,-0.037,0.05,-0.066,-1.615,0.042,0.131,30.45,1.15,NORMAL
95.96,601.18,269.58,4.4378,0.004,0.013,-0.027,-1.616,0.039,0.134,30.46,1.15,NORMAL
96.14,601.12,269.37,4.5472,-0.038,-0.022,-0.005,-1.615,0.04,0.136,30.18,1.14,NORMAL
96.32,601.06,269.16,4.6566,-0.051,0.018,-0.001,-1.616,0.042,0.138,30.22,1.14,NORMAL
96.5,601,268.95,4.766,-0.078,0.04,-0.019,-1.613,0.038,0.141,29.68,1.12,NORMAL
96.68,600.94,268.74,4.8754,-0.023,0.018,0.049,-1.614,0.038,0.143,29.79,1.1,NORMAL
96.86,600.88,268.53,4.9848,0.002,0.036,-0.057,-1.612,0.038,0.146,29.88,1.1,NORMAL
97.04,600.82,268.32,5.0942,-0.011,0.026,-0.053,-1.611,0.036,0.148,29.66,1.1,NORMAL
97.22,600.76,268.11,5.2036,-0.004,0.017,-0.005,-1.61,0.035,0.15,29.76,1.1,NORMAL
97.4,600.7,267.9,5.313,-0.024,0.068,-0.087,-1.607,0.031,0.153,29.85,1.1,NORMAL
97.48,600.74,267.9,4.9966,-0.029,0.008,0.049,-1.606,0.032,0.155,30.25,1.12,NORMAL
97.56,600.78,267.9,4.6802,-0.016,0.023,0.009,-1.605,0.033,0.158,30.58,1.13,NORMAL
97.64,600.82,267.9,4.3638,-0.031,0.008,-0.003,-1.606,0.035,0.161,31.66,1.17,NORMAL
97.72,600.86,267.9,4.0474,0.02,-0.042,0.088,-1.605,0.035,0.163,32.13,1.19,NORMAL
97.8,600.9,267.9,3.731,0.01,-0.013,0.039,-1.603,0.032,0.165,32.5,1.2,NORMAL
97.88,600.94,267.9,3.4146,-0.048,0.013,0.046,-1.603,0.026,0.167,33.25,1.22,NORMAL
97.96,600.98,267.9,3.0982,-0.071,0.008,-0.01,-1.608,0.024,0.17,33.85,1.24,NORMAL
98.04,601.02,267.9,2.7818,-0.04,0.022,-0.031,-1.61,0.021,0.173,33.94,1.24,NORMAL
98.12,601.06,267.9,2.4654,-0.027,-0.017,-0.055,-1.604,0.021,0.177,33.66,1.23,NORMAL
98.2,601.1,267.9,2.149,0.08,-0.032,-0.039,-1.603,0.024,0.18,33.08,1.21,NORMAL
98.27,601.26,267.78,2.0536,-0.011,0.044,-0.112,-1.596,0.025,0.184,32.91,1.21,NORMAL
98.34,601.42,267.66,1.9582,-0.003,0.022,-0.081,-1.594,0.026,0.187,32.13,1.18,NORMAL
98.41,601.58,267.54,1.8628,-0.042,0.015,-0.036,-1.592,0.026,0.19,32.08,1.18,NORMAL
98.48,601.74,267.42,1.7674,-0.038,-0.017,-0.046,-1.589,0.024,0.193,32.06,1.175,NORMAL
98.55,601.9,267.3,1.672,0.006,-0.006,-0.041,-1.584,0.022,0.196,32.04,1.17,NORMAL
98.62,602.06,267.18,1.5766,-0.033,0.003,-0.039,-1.577,0.018,0.199,32.38,1.19,NORMAL
98.69,602.22,267.06,1.4812,-0.033,-0.023,-0.018,-1.574,0.016,0.202,31.96,1.16,NORMAL
98.76,602.38,266.94,1.3858,-0.021,-0.051,-0.006,-1.572,0.017,0.205,31.59,1.15,NORMAL
98.83,602.54,266.82,1.2904,0.033,-0.018,-0.026,-1.572,0.015,0.208,30.98,1.13,NORMAL
98.9,602.7,266.7,1.195,-0.002,-0.019,-0.036,-1.569,0.014,0.211,31.92,1.16,NORMAL
98.93,602.59,266.55,1.345,-0.029,-0.031,0.007,-1.565,0.013,0.215,31.9,1.16,NORMAL
98.96,602.48,266.4,1.495,-0.028,0,0.01,-1.567,0.005,0.217,31.86,1.16,NORMAL
98.99,602.37,266.25,1.645,-0.024,-0.031,-0.025,-1.567,0.005,0.22,32.21,1.17,NORMAL
99.02,602.26,266.1,1.795,-0.003,0.003,0.021,-1.568,0.006,0.224,32.49,1.18,NORMAL
99.05,602.15,265.95,1.945,-0.007,0.061,-0.057,-1.565,0.007,0.226,32.35,1.18,NORMAL
99.08,602.04,265.8,2.095,0.05,0.024,-0.058,-1.56,0.007,0.229,32.25,1.17,NORMAL
99.11,601.93,265.65,2.245,0.028,0.033,-0.001,-1.557,0.006,0.231,32.93,1.2,NORMAL
99.14,601.82,265.5,2.395,0.031,0.018,-0.001,-1.557,0.003,0.233,32.74,1.19,NORMAL
99.17,601.71,265.35,2.545,-0.008,0.025,0.029,-1.558,0.002,0.235,32.93,1.2,NORMAL
99.2,601.6,265.2,2.695,-0.036,-0.02,0.048,-1.562,0.005,0.238,32.95333333,1.2,NORMAL
99.25,601.62,265.06,2.7063,0,-0.002,0.03,-1.565,0.005,0.24,32.97666667,1.2,NORMAL
99.3,601.64,264.92,2.7176,-0.01,0.025,-0.077,-1.563,0.007,0.242,33,1.2,NORMAL
99.35,601.66,264.78,2.7289,0.091,-0.013,0.036,-1.562,0.008,0.245,33.14,1.2,NORMAL
99.4,601.68,264.64,2.7402,-0.029,0.027,0.003,-1.561,0.007,0.247,32.845,1.19,NORMAL
99.45,601.7,264.5,2.7515,-0.13,-0.008,0.023,-1.563,0.008,0.25,32.55,1.18,NORMAL
99.5,601.72,264.36,2.7628,0.006,-0.038,0.09,-1.564,0.01,0.253,32.37,1.17,NORMAL
99.55,601.74,264.22,2.7741,-0.04,-0.042,0.044,-1.563,0.01,0.256,32.22,1.16,NORMAL
99.6,601.76,264.08,2.7854,0.045,-0.007,0.079,-1.565,0.008,0.259,31.76,1.15,NORMAL
99.65,601.78,263.94,2.7967,0.068,0.028,-0.005,-1.567,0.008,0.262,32.51,1.17,NORMAL
99.7,601.8,263.8,2.808,0.016,0.033,-0.01,-1.568,0.004,0.265,32.33,1.17,NORMAL
106.8,588.3,61.9,2.461,0.014,0.044,0.01,-1.61,0.006,1.989,-1,-1,NORMAL
107.04,588.29,61.86,2.3907,0.023,0.003,0.021,-1.612,0.007,1.989,-1,-1,NORMAL
107.28,588.28,61.82,2.3204,-0.022,0.015,-0.006,-1.613,0.006,1.988,-1,-1,NORMAL
107.52,588.27,61.78,2.2501,0.005,0.024,-0.003,-1.614,0.004,1.988,-1,-1,NORMAL
107.76,588.26,61.74,2.1798,-0.023,0.043,-0.013,-1.614,0.003,1.987,-1,-1,NORMAL
108,588.25,61.7,2.1095,-0.055,0.029,-0.003,-1.613,0.001,1.987,-1,-1,NORMAL
108.24,588.24,61.66,2.0392,-0.016,0.016,0.005,-1.613,0.002,1.987,-1,-1,NORMAL
108.48,588.23,61.62,1.9689,-0.047,0.026,-0.007,-1.615,0.007,1.987,-1,-1,NORMAL
108.72,588.22,61.58,1.8986,0.028,-0.019,-0.012,-1.616,0.011,1.986,13.03,-0.055,NORMAL
108.96,588.21,61.54,1.8283,0,0.028,0.017,-1.617,0.014,1.985,27.06,0.89,NORMAL
109.2,588.2,61.5,1.758,0.001,0.032,0.001,-1.616,0.012,1.985,17.70666667,0.26,NORMAL
109.43,588.28,61.43,1.6877,0.012,0.017,-0.003,-1.616,0.01,1.984,8.353333333,-0.37,NORMAL
109.66,588.36,61.36,1.6174,-0.016,0.031,0.005,-1.616,0.013,1.985,-1,-1,NORMAL
109.89,588.44,61.29,1.5471,0.005,-0.017,0.001,-1.618,0.016,1.985,9.076666667,-0.346666667,NORMAL
110.12,588.52,61.22,1.4768,0.005,-0.005,-0.016,-1.618,0.018,1.984,19.15333333,0.306666667,NORMAL
110.35,588.6,61.15,1.4065,-0.014,-0.006,0.003,-1.616,0.017,1.984,29.23,0.96,NORMAL
110.58,588.68,61.08,1.3362,-0.059,0.025,-0.004,-1.616,0.015,1.983,14.115,-0.02,NORMAL
110.81,588.76,61.01,1.2659,-0.001,0.001,-0.006,-1.615,0.016,1.983,-1,-1,NORMAL
111.04,588.84,60.94,1.1956,-0.015,-0.013,-0.016,-1.616,0.019,1.983,-1,-1,NORMAL
111.27,588.92,60.87,1.1253,-0.02,0.015,0.002,-1.616,0.017,1.983,-1,-1,NORMAL
111.5,589,60.8,1.055,0.031,0.014,-0.005,-1.615,0.014,1.982,-1,-1,NORMAL
111.69,589.03,60.77,1.055,-0.006,0.031,0.006,-1.613,0.011,1.982,-1,-1,NORMAL
111.88,589.06,60.74,1.055,-0.027,0.019,-0.012,-1.613,0.008,1.982,-1,-1,NORMAL
112.07,589.09,60.71,1.055,0.019,-0.004,-0.013,-1.611,0.008,1.981,-1,-1,NORMAL
112.26,589.12,60.68,1.055,-0.036,-0.001,-0.015,-1.611,0.01,1.981,-1,-1,NORMAL
112.45,589.15,60.65,1.055,-0.011,-0.009,-0.001,-1.608,0.01,1.98,-1,-1,NORMAL
112.64,589.18,60.62,1.055,-0.029,0.016,0.003,-1.608,0.008,1.98,-1,-1,NORMAL
112.83,589.21,60.59,1.055,-0.022,0.01,-0.028,-1.608,0.009,1.979,-1,-1,NORMAL
113.02,589.24,60.56,1.055,-0.007,0.007,-0.016,-1.608,0.01,1.979,-1,-1,NORMAL
113.21,589.27,60.53,1.055,0.006,0,-0.022,-1.606,0.012,1.979,-1,-1,NORMAL
113.4,589.3,60.5,1.055,0.036,-0.032,-0.017,-1.601,0.01,1.977,-1,-1,NORMAL
113.47,589.22,60.46,1.0198,0.036,-0.032,-0.017,-1.601,0.01,1.977,-1,-1,NORMAL
113.54,589.14,60.42,0.9846,-0.033,0.022,-0.034,-1.597,0.004,1.976,-1,-1,NORMAL
113.61,589.06,60.38,0.9494,-0.042,0.044,-0.02,-1.593,-0.003,1.976,-1,-1,NORMAL
113.68,588.98,60.34,0.9142,-0.049,0.016,-0.017,-1.591,-0.003,1.976,-1,-1,NORMAL
113.75,588.9,60.3,0.879,-0.066,0,-0.012,-1.59,-0.001,1.976,-1,-1,NORMAL
113.82,588.82,60.26,0.8438,0.045,-0.03,-0.03,-1.587,0.001,1.976,-1,-1,NORMAL
113.89,588.74,60.22,0.8086,-0.035,0.023,-0.02,-1.584,-0.001,1.975,-1,-1,NORMAL
113.96,588.66,60.18,0.7734,0.018,0.018,0.019,-1.583,-0.004,1.974,-1,-1,NORMAL
114.03,588.58,60.14,0.7382,0.024,-0.001,-0.023,-1.582,-0.005,1.973,-1,-1,NORMAL
114.1,588.5,60.1,0.703,-0.028,0.007,-0.012,-1.579,-0.008,1.973,-1,-1,NORMAL
114.26,588.5,60.03,0.7382,-0.008,-0.02,-0.038,-1.58,-0.012,1.972,-1,-1,NORMAL
114.42,588.5,59.96,0.7734,-0.083,0.023,-0.019,-1.583,-0.015,1.972,-1,-1,NORMAL
114.58,588.5,59.89,0.8086,-0.02,-0.015,-0.031,-1.585,-0.011,1.973,-1,-1,NORMAL
114.74,588.5,59.82,0.8438,0.073,-0.038,-0.006,-1.586,-0.009,1.973,-1,-1,NORMAL
114.9,588.5,59.75,0.879,0.032,-0.053,-0.024,-1.584,-0.003,1.974,-1,-1,NORMAL
115.06,588.5,59.68,0.9142,0.086,-0.074,-0.013,-1.584,0,1.974,-1,-1,NORMAL
115.22,588.5,59.61,0.9494,-0.113,-0.004,-0.008,-1.581,0.002,1.974,-1,-1,NORMAL
115.38,588.5,59.54,0.9846,-0.041,-0.018,-0.048,-1.578,0.003,1.975,-1,-1,NORMAL
115.54,588.5,59.47,1.0198,-0.01,-0.019,0.007,-1.579,0.009,1.976,-1,-1,NORMAL
115.7,588.5,59.4,1.055,0.001,-0.019,-0.018,-1.579,0.013,1.977,-1,-1,NORMAL
115.73,588.46,59.3,1.1253,0.057,-0.037,-0.003,-1.579,0.016,1.977,20.67,-0.003333333,NORMAL
115.76,588.42,59.2,1.1956,-0.041,0.014,-0.032,-1.578,0.016,1.978,42.34,0.993333333,NORMAL
115.79,588.38,59.1,1.2659,-0.035,0.001,-0.027,-1.577,0.015,1.978,64.01,1.99,NORMAL
115.82,588.34,59,1.3362,-0.04,-0.002,-0.037,-1.575,0.015,1.979,42.34,0.993333333,NORMAL
115.85,588.3,58.9,1.4065,0.059,-0.04,-0.018,-1.574,0.017,1.979,20.67,-0.003333333,NORMAL
115.88,588.26,58.8,1.4768,-0.066,0,-0.033,-1.573,0.02,1.98,-1,-1,NORMAL
115.91,588.22,58.7,1.5471,0.071,-0.022,-0.007,-1.573,0.022,1.981,-1,-1,NORMAL
115.94,588.18,58.6,1.6174,-0.05,0.001,-0.035,-1.572,0.022,1.982,-1,-1,NORMAL
115.97,588.14,58.5,1.6877,0.004,-0.025,-0.03,-1.569,0.021,1.982,-1,-1,NORMAL
116,588.1,58.4,1.758,-0.036,0.001,-0.031,-1.568,0.02,1.983,21.90666667,0.033333333,NORMAL
115.97,588.19,58.29,1.7931,0.037,-0.01,-0.036,-1.565,0.019,1.983,44.81333333,1.066666667,NORMAL
115.94,588.28,58.18,1.8282,-0.057,0.018,-0.026,-1.562,0.018,1.984,67.72,2.1,NORMAL
115.91,588.37,58.07,1.8633,0.071,-0.038,0.002,-1.561,0.018,1.984,68.9325,2.1375,NORMAL
115.88,588.46,57.96,1.8984,-0.029,-0.006,-0.053,-1.558,0.019,1.985,70.145,2.175,NORMAL
115.85,588.55,57.85,1.9335,-0.043,0.005,-0.017,-1.556,0.02,1.986,71.3575,2.2125,NORMAL
115.82,588.64,57.74,1.9686,-0.05,0.002,-0.009,-1.556,0.019,1.986,72.57,2.25,NORMAL
115.79,588.73,57.63,2.0037,0.054,-0.025,0.01,-1.557,0.02,1.987,74.67,2.32,NORMAL
115.76,588.82,57.52,2.0388,-0.034,0.011,-0.01,-1.557,0.019,1.987,76.77,2.39,NORMAL
115.73,588.91,57.41,2.0739,0.028,-0.018,0.009,-1.557,0.019,1.988,78.82833333,2.453333333,NORMAL
115.7,589,57.3,2.109,0.0035,-0.015,0.006,-1.5565,0.022,1.9885,80.88666667,2.516666667,NORMAL
115.77,588.94,57.19,2.109,-0.021,-0.012,0.003,-1.556,0.025,1.989,82.945,2.58,NORMAL
115.84,588.88,57.08,2.109,-0.018,-0.019,-0.005,-1.559,0.028,1.989,85.00333333,2.643333333,NORMAL
115.91,588.82,56.97,2.109,-0.082,-0.001,-0.007,-1.564,0.032,1.99,87.06166667,2.706666667,NORMAL
115.98,588.76,56.86,2.109,0.087,-0.016,0.036,-1.567,0.034,1.991,89.12,2.77,NORMAL
116.05,588.7,56.75,2.109,-0.037,0.018,-0.012,-1.57,0.036,1.992,89.7325,2.79,NORMAL
116.12,588.64,56.64,2.109,0.042,-0.002,0.007,-1.572,0.035,1.992,90.345,2.81,NORMAL
116.19,588.58,56.53,2.109,-0.027,0.027,-0.024,-1.57,0.036,1.993,90.9575,2.83,NORMAL
116.26,588.52,56.42,2.109,-0.017,0.005,-0.021,-1.57,0.036,1.993,91.57,2.85,NORMAL
116.33,588.46,56.31,2.109,-0.027,0.006,-0.008,-1.57,0.038,1.994,92.31333333,2.866666667,NORMAL
116.4,588.4,56.2,2.109,-0.045,-0.003,-0.01,-1.568,0.037,1.994,93.05666667,2.883333333,NORMAL
116.45,588.38,56.13,2.0739,-0.017,-0.015,-0.001,-1.569,0.034,1.995,93.8,2.9,NORMAL
116.5,588.36,56.06,2.0388,-0.054,0.035,-0.017,-1.569,0.035,1.995,70.1,1.925,NORMAL
116.55,588.34,55.99,2.0037,0.021,-0.008,-0.01,-1.567,0.037,1.995,46.4,0.95,NORMAL
116.6,588.32,55.92,1.9686,0.024,-0.023,-0.017,-1.565,0.036,1.996,22.7,-0.025,NORMAL
116.65,588.3,55.85,1.9335,-0.022,0.012,0.007,-1.563,0.034,1.996,-1,-1,NORMAL
116.7,588.28,55.78,1.8984,-0.008,0.016,-0.025,-1.562,0.034,1.997,-1,-1,NORMAL
116.75,588.26,55.71,1.8633,-0.008,-0.012,-0.004,-1.56,0.036,1.997,-1,-1,NORMAL
116.8,588.24,55.64,1.8282,-0.001,-0.014,-0.015,-1.559,0.034,1.998,-1,-1,NORMAL
116.85,588.22,55.57,1.7931,-0.034,0.02,-0.001,-1.558,0.032,1.998,-1,-1,NORMAL
116.9,588.2,55.5,1.758,0.01,-0.014,-0.009,-1.557,0.031,1.999,-1,-1,NORMAL
116.87,588.31,55.4,1.758,-0.004,0.02,-0.034,-1.559,0.032,1.999,-1,-1,NORMAL
116.84,588.42,55.3,1.758,-0.028,0.025,-0.024,-1.559,0.032,2,-1,-1,NORMAL
116.81,588.53,55.2,1.758,-0.03,-0.012,-0.033,-1.559,0.033,2,-1,-1,NORMAL
116.78,588.64,55.1,1.758,-0.059,-0.029,-0.018,-1.56,0.034,2.001,-1,-1,NORMAL
116.75,588.75,55,1.758,-0.063,-0.002,-0.005,-1.561,0.036,2.001,-1,-1,NORMAL
116.72,588.86,54.9,1.758,-0.021,0.012,-0.028,-1.56,0.035,2.002,-1,-1,NORMAL
116.69,588.97,54.8,1.758,0.016,0.008,-0.019,-1.558,0.033,2.002,-1,-1,NORMAL
116.66,589.08,54.7,1.758,0.031,-0.001,-0.032,-1.557,0.031,2.002,16.55666667,-0.133333333,NORMAL
116.63,589.19,54.6,1.758,-0.016,-0.007,-0.018,-1.556,0.031,2.003,34.11333333,0.733333333,NORMAL
116.6,589.3,54.5,1.758,0.001,-0.025,-0.013,-1.554,0.028,2.003,51.67,1.6,NORMAL
82.9,700.3,330.5,1.406,0.008,0.003,-0.012,-1.582,-0.027,-0.932,13.66,0.59,AGGRESSIVE
82.85,700.35,330.39,1.4412,0.002,-0.004,0.042,-1.584,-0.026,-0.932,13.70666667,0.593333333,AGGRESSIVE
82.8,700.4,330.28,1.4764,0.013,-0.006,-0.01,-1.584,-0.026,-0.932,13.75333333,0.596666667,AGGRESSIVE
82.75,700.45,330.17,1.5116,-0.008,0.001,0.003,-1.585,-0.023,-0.932,13.8,0.6,AGGRESSIVE
82.7,700.5,330.06,1.5468,-0.019,0.014,-0.009,-1.585,-0.024,-0.932,13.74,0.6,AGGRESSIVE
82.65,700.55,329.95,1.582,-0.053,0.011,-0.02,-1.582,-0.025,-0.932,13.68,0.6,AGGRESSIVE
82.6,700.6,329.84,1.6172,-0.036,0.01,0.012,-1.583,-0.027,-0.932,13.8,0.605,AGGRESSIVE
82.55,700.65,329.73,1.6524,0.007,-0.006,0.038,-1.587,-0.031,-0.933,13.92,0.61,AGGRESSIVE
82.5,700.7,329.62,1.6876,-0.003,0.014,0.002,-1.59,-0.033,-0.933,13.73,0.6,AGGRESSIVE
82.45,700.75,329.51,1.7228,-0.018,-0.001,0.018,-1.591,-0.035,-0.933,13.54,0.59,AGGRESSIVE
82.4,700.8,329.4,1.758,-0.015,-0.019,0.02,-1.589,-0.036,-0.932,13.38,0.58,AGGRESSIVE
82.49,700.86,329.33,1.758,-0.017,-0.006,0,-1.588,-0.036,-0.932,13.325,0.58,AGGRESSIVE
82.58,700.92,329.26,1.758,-0.03,0.04,0.011,-1.588,-0.036,-0.933,13.27,0.58,AGGRESSIVE
82.67,700.98,329.19,1.758,0.03,-0.048,0.054,-1.587,-0.036,-0.932,13.08,0.57,AGGRESSIVE
82.76,701.04,329.12,1.758,-0.022,-0.026,-0.036,-1.586,-0.037,-0.932,12.89,0.56,AGGRESSIVE
82.85,701.1,329.05,1.758,-0.01,-0.009,0.021,-1.587,-0.037,-0.932,12.89,0.56,AGGRESSIVE
82.94,701.16,328.98,1.758,0.01,-0.025,0.004,-1.586,-0.037,-0.931,12.89,0.56,AGGRESSIVE
83.03,701.22,328.91,1.758,0.001,-0.017,-0.036,-1.585,-0.037,-0.931,13.06,0.565,AGGRESSIVE
83.12,701.28,328.84,1.758,-0.061,-0.012,0.009,-1.587,-0.038,-0.931,13.23,0.57,AGGRESSIVE
83.21,701.34,328.77,1.758,-0.042,-0.007,-0.01,-1.589,-0.038,-0.931,13.16,0.57,AGGRESSIVE
83.3,701.4,328.7,1.758,-0.019,-0.012,0.015,-1.593,-0.04,-0.931,13.09,0.57,AGGRESSIVE
83.2,701.45,328.63,1.7228,0,0.009,0.002,-1.59,-0.042,-0.931,13.075,0.565,AGGRESSIVE
83.1,701.5,328.56,1.6876,0.002,-0.017,0.004,-1.589,-0.044,-0.931,13.06,0.56,AGGRESSIVE
83,701.55,328.49,1.6524,-0.003,-0.031,-0.002,-1.588,-0.042,-0.93,12.97666667,0.56,AGGRESSIVE
82.9,701.6,328.42,1.6172,0,-0.016,-0.018,-1.585,-0.043,-0.93,12.89333333,0.56,AGGRESSIVE
82.8,701.65,328.35,1.582,-0.01,-0.046,-0.003,-1.582,-0.043,-0.929,12.81,0.56,AGGRESSIVE
82.7,701.7,328.28,1.5468,0.009,-0.001,0.015,-1.582,-0.043,-0.929,12.69,0.56,AGGRESSIVE
82.6,701.75,328.21,1.5116,0.02,-0.021,0.02,-1.586,-0.039,-0.929,12.68333333,0.556666667,AGGRESSIVE
82.5,701.8,328.14,1.4764,-0.031,-0.025,-0.043,-1.587,-0.037,-0.929,12.67666667,0.553333333,AGGRESSIVE
82.4,701.85,328.07,1.4412,-0.001,-0.008,0.009,-1.589,-0.037,-0.929,12.67,0.55,AGGRESSIVE
82.3,701.9,328,1.406,0.016,-0.011,-0.006,-1.59,-0.038,-0.929,12.53,0.55,AGGRESSIVE
82.34,701.97,327.86,1.4763,-0.02,0,-0.029,-1.59,-0.038,-0.929,12.53666667,0.55,AGGRESSIVE
82.38,702.04,327.72,1.5466,-0.029,-0.011,0.007,-1.589,-0.037,-0.929,12.54333333,0.55,AGGRESSIVE
82.42,702.11,327.58,1.6169,-0.019,-0.01,0,-1.591,-0.037,-0.929,12.55,0.55,AGGRESSIVE
82.46,702.18,327.44,1.6872,0,0,-0.015,-1.592,-0.036,-0.929,12.445,0.545,AGGRESSIVE
82.5,702.25,327.3,1.7575,-0.019,0.007,-0.024,-1.588,-0.036,-0.929,12.34,0.54,AGGRESSIVE
82.54,702.32,327.16,1.8278,-0.036,-0.016,0.022,-1.585,-0.037,-0.929,12.425,0.54,AGGRESSIVE
82.58,702.39,327.02,1.8981,-0.033,0.003,0.015,-1.587,-0.037,-0.928,12.51,0.54,AGGRESSIVE
82.62,702.46,326.88,1.9684,0.024,-0.004,-0.006,-1.586,-0.038,-0.929,12.71,0.55,AGGRESSIVE
82.66,702.53,326.74,2.0387,0.014,-0.012,0.035,-1.586,-0.038,-0.928,12.535,0.545,AGGRESSIVE
82.7,702.6,326.6,2.109,-0.033,-0.002,-0.017,-1.585,-0.038,-0.929,12.36,0.54,AGGRESSIVE
82.69,702.68,326.53,2.109,-0.038,0.001,0.03,-1.588,-0.039,-0.929,12.295,0.535,AGGRESSIVE
82.68,702.76,326.46,2.109,-0.002,-0.013,0.012,-1.589,-0.038,-0.929,12.23,0.53,AGGRESSIVE
82.67,702.84,326.39,2.109,0.041,0.001,0.01,-1.584,-0.036,-0.929,12.18666667,0.53,AGGRESSIVE
82.66,702.92,326.32,2.109,-0.034,-0.005,0.017,-1.582,-0.033,-0.929,12.14333333,0.53,AGGRESSIVE
82.65,703,326.25,2.109,-0.028,0.002,0.015,-1.583,-0.033,-0.929,12.1,0.53,AGGRESSIVE
82.64,703.08,326.18,2.109,0.005,-0.006,0.041,-1.583,-0.033,-0.928,12.02,0.52,AGGRESSIVE
82.63,703.16,326.11,2.109,-0.032,-0.01,0.021,-1.583,-0.036,-0.928,11.92333333,0.516666667,AGGRESSIVE
82.62,703.24,326.04,2.109,-0.029,0.004,0.01,-1.587,-0.033,-0.929,11.82666667,0.513333333,AGGRESSIVE
82.61,703.32,325.97,2.109,-0.034,-0.014,-0.005,-1.589,-0.032,-0.929,11.73,0.51,AGGRESSIVE
82.6,703.4,325.9,2.109,0,-0.007,0.035,-1.591,-0.033,-0.929,11.56,0.505,AGGRESSIVE
82.34,703.51,325.79,2.0739,0.017,-0.001,0.007,-1.592,-0.031,-0.929,11.39,0.5,AGGRESSIVE
82.08,703.62,325.68,2.0388,0.012,-0.013,0.007,-1.592,-0.032,-0.929,11.34,0.505,AGGRESSIVE
81.82,703.73,325.57,2.0037,-0.025,-0.003,-0.032,-1.589,-0.03,-0.929,11.29,0.51,AGGRESSIVE
81.56,703.84,325.46,1.9686,-0.025,-0.003,-0.032,-1.589,-0.03,-0.929,11.29,0.51,AGGRESSIVE
81.3,703.95,325.35,1.9335,-0.038,-0.018,0.012,-1.59,-0.028,-0.929,11.25,0.506666667,AGGRESSIVE
81.04,704.06,325.24,1.8984,-0.031,0.033,-0.008,-1.59,-0.03,-0.929,11.21,0.503333333,AGGRESSIVE
80.78,704.17,325.13,1.8633,-0.009,0.014,0.005,-1.588,-0.032,-0.929,11.17,0.5,AGGRESSIVE
80.52,704.28,325.02,1.8282,-0.026,-0.01,-0.021,-1.586,-0.034,-0.929,11.34,0.51,AGGRESSIVE
80.26,704.39,324.91,1.7931,-0.012,0.003,0.001,-1.584,-0.032,-0.929,11.225,0.505,AGGRESSIVE
80,704.5,324.8,1.758,-0.025,-0.003,-0.005,-1.585,-0.031,-0.929,11.11,0.5,AGGRESSIVE
80.27,704.55,324.73,1.758,0.034,-0.028,0.016,-1.583,-0.032,-0.929,10.985,0.495,AGGRESSIVE
80.54,704.6,324.66,1.758,0.019,-0.01,-0.007,-1.58,-0.03,-0.929,10.86,0.49,AGGRESSIVE
80.81,704.65,324.59,1.758,-0.04,-0.015,-0.012,-1.578,-0.03,-0.929,10.7,0.475,AGGRESSIVE
81.08,704.7,324.52,1.758,-0.023,-0.001,0.003,-1.579,-0.031,-0.929,10.54,0.46,AGGRESSIVE
81.35,704.75,324.45,1.758,0.006,-0.005,0.017,-1.58,-0.029,-0.929,10.42,0.455,AGGRESSIVE
81.62,704.8,324.38,1.758,-0.004,0,-0.021,-1.578,-0.026,-0.928,10.3,0.45,AGGRESSIVE
81.89,704.85,324.31,1.758,-0.014,-0.004,-0.021,-1.58,-0.024,-0.928,10.315,0.45,AGGRESSIVE
82.16,704.9,324.24,1.758,-0.039,0.003,0.004,-1.581,-0.023,-0.928,10.33,0.45,AGGRESSIVE
82.43,704.95,324.17,1.758,-0.054,0.002,-0.011,-1.581,-0.023,-0.928,10.24,0.445,AGGRESSIVE
82.7,705,324.1,1.758,-0.004,-0.014,0.015,-1.582,-0.023,-0.928,10.15,0.44,AGGRESSIVE
82.65,705.09,324.07,1.6877,0.004,0.017,-0.025,-1.581,-0.022,-0.928,10.04,0.435,AGGRESSIVE
82.6,705.18,324.04,1.6174,0.019,-0.018,0.02,-1.581,-0.02,-0.927,9.93,0.43,AGGRESSIVE
82.55,705.27,324.01,1.5471,0,0.003,-0.027,-1.58,-0.02,-0.927,9.845,0.43,AGGRESSIVE
82.5,705.36,323.98,1.4768,-0.008,0.008,0.001,-1.579,-0.021,-0.927,9.76,0.43,AGGRESSIVE
82.45,705.45,323.95,1.4065,-0.02,-0.002,0.029,-1.582,-0.024,-0.927,9.78,0.43,AGGRESSIVE
82.4,705.54,323.92,1.3362,-0.014,-0.008,0,-1.581,-0.026,-0.926,9.8,0.43,AGGRESSIVE
82.35,705.63,323.89,1.2659,-0.005,-0.006,-0.001,-1.58,-0.026,-0.926,9.82,0.43,AGGRESSIVE
82.3,705.72,323.86,1.1956,-0.031,0.01,-0.003,-1.58,-0.028,-0.925,9.895,0.435,AGGRESSIVE
82.25,705.81,323.83,1.1253,-0.023,-0.016,0.02,-1.582,-0.026,-0.925,9.97,0.44,AGGRESSIVE
82.2,705.9,323.8,1.055,-0.006,-0.003,0.002,-1.582,-0.023,-0.925,9.933333333,0.436666667,AGGRESSIVE
82.18,705.95,323.66,1.1253,-0.004,0.007,-0.007,-1.581,-0.022,-0.924,9.896666667,0.433333333,AGGRESSIVE
82.16,706,323.52,1.1956,-0.028,0.003,0,-1.58,-0.024,-0.924,9.86,0.43,AGGRESSIVE
82.14,706.05,323.38,1.2659,0.003,-0.008,0.014,-1.578,-0.023,-0.923,9.945,0.435,AGGRESSIVE
82.12,706.1,323.24,1.3362,0.007,0.001,-0.008,-1.577,-0.024,-0.923,10.03,0.44,AGGRESSIVE
82.1,706.15,323.1,1.4065,0.014,0.009,-0.021,-1.576,-0.027,-0.923,10.205,0.45,AGGRESSIVE
82.08,706.2,322.96,1.4768,-0.033,0.006,0.012,-1.579,-0.027,-0.923,10.38,0.46,AGGRESSIVE
82.06,706.25,322.82,1.5471,-0.006,-0.012,-0.008,-1.581,-0.027,-0.922,10.205,0.45,AGGRESSIVE
82.04,706.3,322.68,1.6174,-0.016,0.005,-0.003,-1.584,-0.025,-0.922,10.03,0.44,AGGRESSIVE
82.02,706.35,322.54,1.6877,0.015,0.003,-0.005,-1.584,-0.025,-0.922,9.908333333,0.435,AGGRESSIVE
82,706.4,322.4,1.758,0.006,0.009,-0.018,-1.582,-0.025,-0.922,9.786666667,0.43,AGGRESSIVE
81.94,706.5,322.26,1.8634,-0.01,0.008,-0.009,-1.582,-0.025,-0.922,9.665,0.425,AGGRESSIVE
81.88,706.6,322.12,1.9688,-0.004,0.011,-0.001,-1.584,-0.024,-0.922,9.543333333,0.42,AGGRESSIVE
81.82,706.7,321.98,2.0742,0.012,0.023,0.018,-1.585,-0.023,-0.922,9.421666667,0.415,AGGRESSIVE
81.76,706.8,321.84,2.1796,-0.001,-0.007,-0.022,-1.584,-0.023,-0.923,9.3,0.41,AGGRESSIVE
81.7,706.9,321.7,2.285,-0.018,-0.001,0.01,-1.585,-0.022,-0.923,9.525,0.42,AGGRESSIVE
81.64,707,321.56,2.3904,-0.026,0.035,0.001,-1.586,-0.023,-0.923,9.75,0.43,AGGRESSIVE
81.58,707.1,321.42,2.4958,-0.035,-0.004,0.006,-1.584,-0.023,-0.923,9.75,0.43,AGGRESSIVE
81.52,707.2,321.28,2.6012,0.006,-0.001,0.001,-1.584,-0.021,-0.923,9.7,0.43,AGGRESSIVE
81.46,707.3,321.14,2.7066,0.039,0.003,-0.008,-1.581,-0.022,-0.924,9.65,0.43,AGGRESSIVE
81.4,707.4,321,2.812,0.012,0.027,-0.014,-1.579,-0.024,-0.924,9.62,0.426666667,AGGRESSIVE
81.33,707.48,320.96,2.7066,-0.007,0.013,-0.004,-1.579,-0.025,-0.924,9.59,0.423333333,AGGRESSIVE
81.26,707.56,320.92,2.6012,-0.031,-0.006,-0.002,-1.578,-0.026,-0.924,9.56,0.42,AGGRESSIVE
81.19,707.64,320.88,2.4958,-0.031,-0.006,-0.002,-1.578,-0.026,-0.924,9.56,0.42,AGGRESSIVE
81.12,707.72,320.84,2.3904,-0.023,-0.002,-0.015,-1.578,-0.028,-0.924,9.505,0.42,AGGRESSIVE
81.05,707.8,320.8,2.285,-0.044,0.006,0.02,-1.58,-0.026,-0.925,9.45,0.42,AGGRESSIVE
80.98,707.88,320.76,2.1796,0.005,-0.013,-0.007,-1.577,-0.025,-0.925,9.44,0.42,AGGRESSIVE
80.91,707.96,320.72,2.0742,-0.034,-0.004,0.002,-1.579,-0.026,-0.925,9.43,0.42,AGGRESSIVE
80.84,708.04,320.68,1.9688,-0.004,0.027,0.005,-1.578,-0.029,-0.925,9.136666667,0.406666667,AGGRESSIVE
80.77,708.12,320.64,1.8634,0.002,0.02,0.011,-1.577,-0.029,-0.926,8.843333333,0.393333333,AGGRESSIVE
80.7,708.2,320.6,1.758,0.015,-0.012,-0.005,-1.576,-0.029,-0.926,8.55,0.38,AGGRESSIVE
80.58,708.27,320.46,1.758,-0.022,-0.011,-0.022,-1.576,-0.029,-0.925,5.366666667,-0.08,AGGRESSIVE
80.46,708.34,320.32,1.758,-0.051,0.011,-0.011,-1.579,-0.03,-0.925,2.183333333,-0.54,AGGRESSIVE
80.34,708.41,320.18,1.758,-0.042,-0.012,0,-1.581,-0.029,-0.925,-1,-1,AGGRESSIVE
80.22,708.48,320.04,1.758,-0.018,-0.018,0.006,-1.581,-0.028,-0.924,10.635,0.005,AGGRESSIVE
80.1,708.55,319.9,1.758,-0.013,-0.004,0.01,-1.579,-0.026,-0.924,22.27,1.01,AGGRESSIVE
79.98,708.62,319.76,1.758,-0.013,0.003,0.007,-1.579,-0.026,-0.924,22.08,1,AGGRESSIVE
79.86,708.69,319.62,1.758,0.01,-0.004,0.007,-1.578,-0.027,-0.923,21.89,0.99,AGGRESSIVE
79.74,708.76,319.48,1.758,0.025,-0.018,0.017,-1.574,-0.027,-0.923,21.7,0.98,AGGRESSIVE
79.62,708.83,319.34,1.758,0.002,-0.008,0,-1.572,-0.027,-0.923,21.51,0.97,AGGRESSIVE
79.5,708.9,319.2,1.758,0.004,0.006,0.031,-1.569,-0.026,-0.922,21.955,0.99,AGGRESSIVE
79.54,708.97,319.13,1.7931,-0.035,0,-0.008,-1.567,-0.026,-0.921,22.4,1.01,AGGRESSIVE
79.58,709.04,319.06,1.8282,-0.068,0.005,0.037,-1.568,-0.025,-0.921,18.915,0.8525,AGGRESSIVE
79.62,709.11,318.99,1.8633,-0.068,0.005,0.037,-1.568,-0.025,-0.921,15.43,0.695,AGGRESSIVE
79.66,709.18,318.92,1.8984,-0.019,-0.03,-0.008,-1.568,-0.027,-0.92,11.945,0.5375,AGGRESSIVE
79.7,709.25,318.85,1.9335,-0.019,-0.022,0.04,-1.568,-0.028,-0.92,8.46,0.38,AGGRESSIVE
79.74,709.32,318.78,1.9686,0.007,0.025,0.014,-1.57,-0.027,-0.92,8.56,0.39,AGGRESSIVE
79.78,709.39,318.71,2.0037,-0.017,-0.004,-0.002,-1.57,-0.026,-0.919,8.605,0.39,AGGRESSIVE
79.82,709.46,318.64,2.0388,-0.003,0,0.004,-1.572,-0.023,-0.919,8.65,0.39,AGGRESSIVE
79.86,709.53,318.57,2.0739,-0.015,0.004,0.006,-1.571,-0.021,-0.918,8.66,0.39,AGGRESSIVE
79.9,709.6,318.5,2.109,-0.019,0.01,0.014,-1.572,-0.021,-0.918,8.67,0.39,AGGRESSIVE
79.9,709.67,318.4,2.0739,-0.041,0,-0.004,-1.573,-0.021,-0.918,8.75,0.395,AGGRESSIVE
79.9,709.74,318.3,2.0388,-0.026,-0.022,0.005,-1.574,-0.021,-0.917,8.83,0.4,AGGRESSIVE
79.9,709.81,318.2,2.0037,-0.029,0.012,-0.013,-1.575,-0.022,-0.917,8.91,0.405,AGGRESSIVE
79.9,709.88,318.1,1.9686,-0.015,0.004,0.034,-1.576,-0.024,-0.917,8.99,0.41,AGGRESSIVE
79.9,709.95,318,1.9335,0.007,0.02,0.014,-1.578,-0.026,-0.916,8.99,0.405,AGGRESSIVE
79.9,710.02,317.9,1.8984,0.011,-0.001,0.003,-1.576,-0.025,-0.916,8.99,0.4,AGGRESSIVE
79.9,710.09,317.8,1.8633,0,-0.011,-0.003,-1.576,-0.024,-0.915,8.905,0.4,AGGRESSIVE
79.9,710.16,317.7,1.8282,-0.055,0.022,-0.01,-1.575,-0.028,-0.915,8.82,0.4,AGGRESSIVE
79.9,710.23,317.6,1.7931,-0.027,0.003,0.029,-1.577,-0.029,-0.915,8.735,0.395,AGGRESSIVE
79.9,710.3,317.5,1.758,-0.036,0,-0.016,-1.581,-0.03,-0.915,8.65,0.39,AGGRESSIVE
79.91,710.35,317.43,1.758,0.001,-0.005,0.043,-1.582,-0.028,-0.915,8.606666667,0.386666667,AGGRESSIVE
79.92,710.4,317.36,1.758,-0.006,-0.006,-0.005,-1.582,-0.028,-0.915,8.563333333,0.383333333,AGGRESSIVE
79.93,710.45,317.29,1.758,-0.004,0.019,-0.003,-1.583,-0.029,-0.916,8.52,0.38,AGGRESSIVE
79.94,710.5,317.22,1.758,-0.015,0.027,0.023,-1.583,-0.03,-0.916,8.475,0.38,AGGRESSIVE
79.95,710.55,317.15,1.758,-0.017,0.006,-0.009,-1.583,-0.031,-0.916,8.43,0.38,AGGRESSIVE
79.96,710.6,317.08,1.758,-0.009,0.039,-0.015,-1.58,-0.031,-0.917,8.43,0.38,AGGRESSIVE
79.97,710.65,317.01,1.758,-0.017,0,0.008,-1.579,-0.033,-0.918,8.43,0.38,AGGRESSIVE
79.98,710.7,316.94,1.758,0.013,-0.003,-0.012,-1.579,-0.034,-0.918,8.455,0.38,AGGRESSIVE
79.99,710.75,316.87,1.758,0.021,0.022,0.037,-1.581,-0.032,-0.919,8.48,0.38,AGGRESSIVE
80,710.8,316.8,1.758,-0.014,0.013,-0.017,-1.582,-0.036,-0.919,8.765,0.395,AGGRESSIVE
79.93,710.89,316.69,1.758,0.022,0.015,0.011,-1.584,-0.036,-0.92,9.05,0.41,AGGRESSIVE
79.86,710.98,316.58,1.758,-0.027,0.009,0.006,-1.583,-0.036,-0.92,8.955,0.405,AGGRESSIVE
79.79,711.07,316.47,1.758,-0.006,0.001,0.029,-1.584,-0.037,-0.921,8.86,0.4,AGGRESSIVE
79.72,711.16,316.36,1.758,0.019,-0.003,0.032,-1.588,-0.036,-0.922,8.74,0.395,AGGRESSIVE
79.65,711.25,316.25,1.758,-0.012,0.027,-0.006,-1.586,-0.036,-0.922,8.62,0.39,AGGRESSIVE
79.58,711.34,316.14,1.758,-0.055,0.007,-0.01,-1.588,-0.036,-0.922,8.54,0.386666667,AGGRESSIVE
79.51,711.43,316.03,1.758,-0.038,0.003,0.033,-1.589,-0.036,-0.924,8.46,0.383333333,AGGRESSIVE
79.44,711.52,315.92,1.758,-0.014,0.011,-0.023,-1.587,-0.038,-0.924,8.38,0.38,AGGRESSIVE
79.37,711.61,315.81,1.758,-0.02,-0.026,0.024,-1.586,-0.041,-0.924,8.46,0.385,AGGRESSIVE
79.3,711.7,315.7,1.758,-0.031,0.027,-0.006,-1.586,-0.041,-0.924,8.54,0.39,AGGRESSIVE
79.28,711.77,315.63,1.758,0.002,-0.02,-0.005,-1.588,-0.04,-0.924,8.5175,0.3875,AGGRESSIVE
79.26,711.84,315.56,1.758,0.003,-0.011,0.03,-1.588,-0.04,-0.924,8.495,0.385,AGGRESSIVE
79.24,711.91,315.49,1.758,0.003,-0.011,0.03,-1.588,-0.04,-0.924,8.4725,0.3825,AGGRESSIVE
79.22,711.98,315.42,1.758,0.008,-0.011,0.017,-1.592,-0.038,-0.924,8.45,0.38,AGGRESSIVE
79.2,712.05,315.35,1.758,-0.01,0.001,-0.013,-1.59,-0.037,-0.924,8.415,0.38,AGGRESSIVE
79.18,712.12,315.28,1.758,-0.025,-0.02,0.003,-1.594,-0.034,-0.925,8.38,0.38,AGGRESSIVE
79.16,712.19,315.21,1.758,-0.03,0.013,-0.001,-1.596,-0.033,-0.925,8.363333333,0.38,AGGRESSIVE
79.14,712.26,315.14,1.758,-0.006,0.001,-0.031,-1.598,-0.03,-0.925,8.346666667,0.38,AGGRESSIVE
79.12,712.33,315.07,1.758,-0.026,-0.002,-0.05,-1.594,-0.029,-0.925,8.33,0.38,AGGRESSIVE
79.1,712.4,315,1.758,0.001,-0.014,-0.046,-1.594,-0.028,-0.925,8.23,0.37,AGGRESSIVE
79.1,712.5,314.89,1.758,-0.018,-0.001,-0.036,-1.594,-0.028,-0.924,8.206666667,0.37,AGGRESSIVE
79.1,712.6,314.78,1.758,0.01,-0.019,-0.048,-1.59,-0.025,-0.924,8.183333333,0.37,AGGRESSIVE
79.1,712.7,314.67,1.758,-0.009,-0.012,-0.047,-1.585,-0.029,-0.923,8.16,0.37,AGGRESSIVE
79.1,712.8,314.56,1.758,-0.016,-0.003,-0.06,-1.578,-0.028,-0.923,8.16,0.37,AGGRESSIVE
79.1,712.9,314.45,1.758,-0.017,-0.001,-0.044,-1.573,-0.026,-0.922,8.16,0.37,AGGRESSIVE
79.1,713,314.34,1.758,-0.005,-0.015,-0.059,-1.57,-0.025,-0.922,8.07,0.365,AGGRESSIVE
79.1,713.1,314.23,1.758,-0.02,-0.01,-0.054,-1.563,-0.027,-0.922,7.98,0.36,AGGRESSIVE
79.1,713.2,314.12,1.758,-0.035,-0.01,-0.03,-1.56,-0.023,-0.922,8.11,0.37,AGGRESSIVE
79.1,713.3,314.01,1.758,-0.031,0.006,-0.018,-1.558,-0.022,-0.921,8.123333333,0.37,AGGRESSIVE
79.1,713.4,313.9,1.758,-0.011,0.02,-0.001,-1.557,-0.025,-0.921,8.136666667,0.37,AGGRESSIVE
78.88,713.47,313.8,1.7931,0.021,-0.003,-0.019,-1.556,-0.024,-0.92,8.15,0.37,AGGRESSIVE
78.66,713.54,313.7,1.8282,-0.001,-0.006,-0.006,-1.555,-0.022,-0.92,8.12,0.37,AGGRESSIVE
78.44,713.61,313.6,1.8633,-0.03,0.004,0.017,-1.556,-0.02,-0.92,8.09,0.37,AGGRESSIVE
78.22,713.68,313.5,1.8984,-0.043,0.016,0.036,-1.558,-0.024,-0.92,8.105,0.375,AGGRESSIVE
78,713.75,313.4,1.9335,0.018,-0.011,0.033,-1.564,-0.025,-0.92,8.12,0.38,AGGRESSIVE
77.78,713.82,313.3,1.9686,0.009,0.006,0.038,-1.571,-0.025,-0.92,8,0.37,AGGRESSIVE
77.56,713.89,313.2,2.0037,0.003,-0.013,0.01,-1.577,-0.024,-0.92,8.115,0.38,AGGRESSIVE
77.34,713.96,313.1,2.0388,-0.039,0.009,0.039,-1.58,-0.027,-0.92,8.23,0.39,AGGRESSIVE
77.12,714.03,313,2.0739,-0.019,-0.005,0.037,-1.581,-0.028,-0.919,8.33,0.39,AGGRESSIVE
76.9,714.1,312.9,2.109,-0.016,-0.005,0.028,-1.585,-0.027,-0.919,8.43,0.39,AGGRESSIVE
76.82,714.17,312.93,1.9684,-0.005,-0.007,0.019,-1.588,-0.028,-0.919,8.463333333,0.393333333,AGGRESSIVE
76.74,714.24,312.96,1.8278,-0.03,0.004,0.026,-1.588,-0.031,-0.919,8.496666667,0.396666667,AGGRESSIVE
76.66,714.31,312.99,1.6872,0.008,-0.009,0.032,-1.588,-0.031,-0.919,8.53,0.4,AGGRESSIVE
76.58,714.38,313.02,1.5466,0.009,-0.001,0.041,-1.593,-0.034,-0.919,8.475,0.4,AGGRESSIVE
76.5,714.45,313.05,1.406,0.017,0.001,0.01,-1.595,-0.034,-0.92,8.42,0.4,AGGRESSIVE
76.42,714.52,313.08,1.2654,-0.016,-0.012,0.002,-1.594,-0.034,-0.919,8.395,0.4,AGGRESSIVE
76.34,714.59,313.11,1.1248,-0.023,0.006,0.012,-1.596,-0.032,-0.919,8.37,0.4,AGGRESSIVE
76.26,714.66,313.14,0.9842,0.022,0.009,0.004,-1.594,-0.032,-0.919,8.25,0.39,AGGRESSIVE
76.18,714.73,313.17,0.8436,0.008,0.003,-0.045,-1.595,-0.031,-0.919,8.2,0.386666667,AGGRESSIVE
76.1,714.8,313.2,0.703,0.02,-0.001,-0.043,-1.591,-0.032,-0.919,8.15,0.383333333,AGGRESSIVE
110.6,588.7,69.6,2.461,0.038,-0.004,0.023,-1.591,0.002,1.775,24.19333333,0.786666667,DROWSY
110.96,588.69,69.74,2.3555,0.031,-0.02,0.0185,-1.5915,0.001,1.7755,24.29,0.79,DROWSY
111.32,588.68,69.88,2.25,0.024,-0.036,0.014,-1.592,0,1.776,24.31,0.783333333,DROWSY
111.68,588.67,70.02,2.1445,0.002,-0.039,0.061,-1.602,0.008,1.778,24.33,0.776666667,DROWSY
112.04,588.66,70.16,2.039,0.025,-0.037,0.027,-1.603,0.01,1.779,24.35,0.77,DROWSY
112.4,588.65,70.3,1.9335,0.019,-0.032,0.014,-1.603,0.0115,1.78,24.36,0.77,DROWSY
112.76,588.64,70.44,1.828,0.013,-0.027,0.001,-1.603,0.013,1.781,24.37,0.77,DROWSY
113.12,588.63,70.58,1.7225,0.002,-0.024,0.033,-1.6,0.014,1.783,24.38,0.77,DROWSY
113.48,588.62,70.72,1.617,0.048,-0.024,-0.002,-1.6,0.015,1.783,24.385,0.77,DROWSY
113.84,588.61,70.86,1.5115,0.014,-0.028,-0.018,-1.597,0.016,1.784,24.39,0.77,DROWSY
114.2,588.6,71,1.406,-0.004,-0.02,-0.015,-1.594,0.016,1.785,24.395,0.77,DROWSY
114.36,588.57,71.07,1.4763,-0.005,-0.018,0.005,-1.5925,0.0165,1.7865,24.4,0.77,DROWSY
114.52,588.54,71.14,1.5466,-0.006,-0.016,0.025,-1.591,0.017,1.788,24.46666667,0.766666667,DROWSY
114.68,588.51,71.21,1.6169,0,-0.0055,0.0165,-1.5915,0.017,1.788,24.53333333,0.763333333,DROWSY
114.84,588.48,71.28,1.6872,0.006,0.005,0.008,-1.592,0.017,1.788,24.6,0.76,DROWSY
115,588.45,71.35,1.7575,0.006,-0.016,0.017,-1.593,0.015,1.789,24.6425,0.7625,DROWSY
115.16,588.42,71.42,1.8278,0.024,0.001,0.021,-1.595,0.014,1.788,24.685,0.765,DROWSY
115.32,588.39,71.49,1.8981,-0.006,0.019,0.016,-1.596,0.012,1.788,24.7275,0.7675,DROWSY
115.48,588.36,71.56,1.9684,-0.004,0.022,-0.006,-1.595,0.009,1.788,24.77,0.77,DROWSY
115.64,588.33,71.63,2.0387,-0.003,0.027,0.003,-1.596,0.009,1.788,24.796,0.77,DROWSY
115.8,588.3,71.7,2.109,0.005,0.007,0.008,-1.594,0.003,1.787,24.822,0.77,DROWSY
115.96,588.34,71.67,1.9333,0.004,0.034,-0.019,-1.59,-0.002,1.786,24.848,0.77,DROWSY
116.12,588.38,71.64,1.7576,-0.021,0.009,0.023,-1.585,-0.008,1.785,24.874,0.77,DROWSY
116.28,588.42,71.61,1.5819,0.006,0.02,-0.014,-1.584,-0.011,1.785,24.9,0.77,DROWSY
116.44,588.46,71.58,1.4062,-0.029,0.011,-0.032,-1.582,-0.012,1.785,25.0375,0.7725,DROWSY
116.6,588.5,71.55,1.2305,-0.063,0.024,-0.035,-1.582,-0.011,1.785,25.175,0.775,DROWSY
116.76,588.54,71.52,1.0548,-0.012,-0.001,-0.027,-1.583,-0.009,1.785,25.3125,0.7775,DROWSY
116.92,588.58,71.49,0.8791,0.046,0.004,-0.02,-1.58,-0.009,1.785,25.45,0.78,DROWSY
117.08,588.62,71.46,0.7034,0.047,-0.001,-0.044,-1.577,-0.006,1.784,25.538,0.782,DROWSY
117.24,588.66,71.43,0.5277,0.006,0.019,-0.031,-1.574,-0.007,1.783,25.626,0.784,DROWSY
117.4,588.7,71.4,0.352,-0.007,0.02,-0.001,-1.572,-0.008,1.783,25.714,0.786,DROWSY
117.47,588.66,71.43,0.352,0.007,0.017,-0.019,-1.568,-0.011,1.782,25.802,0.788,DROWSY
117.54,588.62,71.46,0.352,0.014,0.011,-0.03,-1.564,-0.012,1.782,25.89,0.79,DROWSY
117.61,588.58,71.49,0.352,0.007,-0.021,-0.015,-1.563,-0.011,1.783,26.00666667,0.793333333,DROWSY
117.68,588.54,71.52,0.352,0.025,-0.053,-0.033,-1.563,-0.005,1.783,26.12333333,0.796666667,DROWSY
117.75,588.5,71.55,0.352,-0.03,-0.011,-0.042,-1.563,-0.006,1.783,26.24,0.8,DROWSY
117.82,588.46,71.58,0.352,-0.055,0.017,-0.03,-1.56,-0.009,1.781,26.315,0.8025,DROWSY
117.89,588.42,71.61,0.352,-0.035,0.028,-0.025,-1.558,-0.012,1.78,26.39,0.805,DROWSY
117.96,588.38,71.64,0.352,-0.027,-0.004,-0.019,-1.554,-0.014,1.78,26.465,0.8075,DROWSY
118.03,588.34,71.67,0.352,0.028,-0.022,-0.021,-1.553,-0.013,1.78,26.54,0.81,DROWSY
118.1,588.3,71.7,0.352,0.049,-0.017,-0.03,-1.552,-0.014,1.779,26.66,0.8125,DROWSY
118.08,588.28,71.74,0.3871,0.039,0.001,-0.036,-1.549,-0.016,1.778,26.78,0.815,DROWSY
118.06,588.26,71.78,0.4222,-0.021,0.028,-0.034,-1.545,-0.022,1.777,26.9,0.8175,DROWSY
118.04,588.24,71.82,0.4573,-0.09,0.004,-0.027,-1.545,-0.024,1.776,27.02,0.82,DROWSY
118.02,588.22,71.86,0.4924,-0.024,-0.007,-0.016,-1.543,-0.024,1.776,27.15333333,0.826666667,DROWSY
118,588.2,71.9,0.5275,-0.007,-0.016,-0.026,-1.541,-0.025,1.776,27.28666667,0.833333333,DROWSY
117.98,588.18,71.94,0.5626,-0.005,-0.014,-0.008,-1.541,-0.021,1.775,27.42,0.84,DROWSY
117.96,588.16,71.98,0.5977,-0.04,-0.019,-0.04,-1.538,-0.022,1.776,27.5,0.8425,DROWSY
117.94,588.14,72.02,0.6328,-0.034,-0.034,-0.005,-1.536,-0.024,1.776,27.58,0.845,DROWSY
117.92,588.12,72.06,0.6679,-0.055,-0.047,-0.01,-1.536,-0.02,1.776,27.66,0.8475,DROWSY
117.9,588.1,72.1,0.703,0.062,-0.051,-0.008,-1.536,-0.018,1.777,27.74,0.85,DROWSY
117.55,588.11,72.2,0.7733,0.06,-0.07,-0.01,-1.535,-0.016,1.777,27.805,0.85,DROWSY
117.2,588.12,72.3,0.8436,0.036,-0.046,-0.017,-1.534,-0.008,1.778,27.87,0.85,DROWSY
116.85,588.13,72.4,0.9139,0.007,-0.045,-0.033,-1.532,-0.004,1.78,27.935,0.85,DROWSY
116.5,588.14,72.5,0.9842,-0.044,-0.068,-0.018,-1.531,-0.001,1.782,28,0.85,DROWSY
116.15,588.15,72.6,1.0545,-0.066,-0.068,-0.021,-1.533,0.003,1.784,28.15,0.866666667,DROWSY
115.8,588.16,72.7,1.1248,-0.034,-0.063,-0.021,-1.534,0.006,1.786,28.3,0.883333333,DROWSY
115.45,588.17,72.8,1.1951,0.022,-0.045,-0.013,-1.533,0.012,1.788,28.45,0.9,DROWSY
115.1,588.18,72.9,1.2654,0.019,-0.046,-0.023,-1.532,0.013,1.789,28.51166667,0.901666667,DROWSY
114.75,588.19,73,1.3357,0.02,-0.01,-0.004,-1.532,0.014,1.789,28.57333333,0.903333333,DROWSY
114.4,588.2,73.1,1.406,0.008,0.046,-0.025,-1.531,0.011,1.79,28.635,0.905,DROWSY
114.43,588.31,72.96,1.406,-0.031,0.006,-0.007,-1.53,0.006,1.791,28.69666667,0.906666667,DROWSY
114.46,588.42,72.82,1.406,-0.055,0.013,-0.008,-1.529,0.005,1.792,28.75833333,0.908333333,DROWSY
114.49,588.53,72.68,1.406,-0.014,0.04,-0.013,-1.528,0.001,1.793,28.82,0.91,DROWSY
114.52,588.64,72.54,1.406,0.019,-0.005,-0.001,-1.528,0.005,1.793,29.01666667,0.913333333,DROWSY
114.55,588.75,72.4,1.406,0.026,-0.007,-0.036,-1.527,0.004,1.794,29.21333333,0.916666667,DROWSY
114.58,588.86,72.26,1.406,0.001,-0.016,-0.032,-1.527,0.002,1.795,29.41,0.92,DROWSY
114.61,588.97,72.12,1.406,-0.005,-0.009,0.033,-1.527,-0.004,1.795,29.4025,0.92,DROWSY
114.64,589.08,71.98,1.406,-0.011,-0.011,-0.024,-1.526,-0.004,1.796,29.395,0.92,DROWSY
114.67,589.19,71.84,1.406,-0.008,-0.026,-0.006,-1.524,-0.009,1.797,29.3875,0.92,DROWSY
114.7,589.3,71.7,1.406,0.014,-0.004,0.012,-1.523,-0.013,1.797,29.38,0.92,DROWSY
114.71,589.31,71.74,1.3709,0.004,-0.026,-0.011,-1.522,-0.01,1.798,29.5025,0.925,DROWSY
114.72,589.32,71.78,1.3358,0.013,-0.012,-0.013,-1.521,-0.014,1.799,29.625,0.93,DROWSY
114.73,589.33,71.82,1.3007,0.018,0.027,-0.002,-1.522,-0.017,1.799,29.7475,0.935,DROWSY
114.74,589.34,71.86,1.2656,0.005,0.032,-0.024,-1.522,-0.021,1.798,29.87,0.94,DROWSY
114.75,589.35,71.9,1.2305,0.048,0.023,-0.022,-1.523,-0.029,1.798,29.92,0.94,DROWSY
114.76,589.36,71.94,1.1954,0.024,0.002,-0.029,-1.522,-0.03,1.798,29.97,0.94,DROWSY
114.77,589.37,71.98,1.1603,-0.047,0.001,-0.02,-1.522,-0.029,1.798,30.02,0.94,DROWSY
114.78,589.38,72.02,1.1252,-0.087,0.021,-0.001,-1.524,-0.03,1.8,30.275,0.9475,DROWSY
114.79,589.39,72.06,1.0901,-0.034,-0.007,0.012,-1.526,-0.032,1.801,30.53,0.955,DROWSY
114.8,589.4,72.1,1.055,0.029,0.005,-0.01,-1.526,-0.033,1.8,30.785,0.9625,DROWSY
114.56,589.31,72.03,1.0198,0.036,-0.023,-0.011,-1.526,-0.029,1.801,31.04,0.97,DROWSY
114.32,589.22,71.96,0.9846,-0.001,-0.021,-0.006,-1.524,-0.025,1.802,31.32666667,0.986666667,DROWSY
114.08,589.13,71.89,0.9494,-0.007,-0.009,0,-1.524,-0.027,1.803,31.61333333,1.003333333,DROWSY
113.84,589.04,71.82,0.9142,0.009,-0.018,0.011,-1.523,-0.028,1.805,31.9,1.02,DROWSY
113.6,588.95,71.75,0.879,0.027,-0.017,-0.008,-1.523,-0.025,1.806,32.13,1.026666667,DROWSY
113.36,588.86,71.68,0.8438,0.052,-0.053,-0.015,-1.521,-0.022,1.807,32.36,1.033333333,DROWSY
113.12,588.77,71.61,0.8086,-0.027,-0.01,0.002,-1.521,-0.02,1.808,32.59,1.04,DROWSY
112.88,588.68,71.54,0.7734,-0.09,-0.015,-0.014,-1.522,-0.019,1.81,33.06,1.055,DROWSY
112.64,588.59,71.47,0.7382,-0.115,-0.023,0.017,-1.526,-0.015,1.812,33.53,1.07,DROWSY
112.4,588.5,71.4,0.703,-0.0725,-0.03325,0.01075,-1.52575,-0.0095,1.81475,33.485,1.07,DROWSY
112.33,588.29,71.36,0.7382,-0.03,-0.0435,0.0045,-1.5255,-0.004,1.8175,33.44,1.07,DROWSY
112.26,588.08,71.32,0.7734,0.0125,-0.05375,-0.00175,-1.52525,0.0015,1.82025,33.395,1.07,DROWSY
112.19,587.87,71.28,0.8086,0.055,-0.064,-0.008,-1.525,0.007,1.823,33.35,1.07,DROWSY
112.12,587.66,71.24,0.8438,-0.026,-0.025,-0.025,-1.525,0.012,1.825,33.95,1.09,DROWSY
112.05,587.45,71.2,0.879,-0.073,-0.035,-0.017,-1.525,0.014,1.828,34.55,1.11,DROWSY
111.98,587.24,71.16,0.9142,-0.072,-0.02,-0.019,-1.527,0.017,1.831,34.8,1.12,DROWSY
111.91,587.03,71.12,0.9494,-0.032,-0.047,-0.005,-1.529,0.019,1.835,35.05,1.13,DROWSY
111.84,586.82,71.08,0.9846,-0.014,-0.055,-0.006,-1.53,0.022,1.838,35.3,1.14,DROWSY
111.77,586.61,71.04,1.0198,-0.008,-0.019,0.008,-1.529,0.024,1.84,35.55,1.15,DROWSY
111.7,586.4,71,1.055,-0.04,0.001,0.02,-1.529,0.024,1.844,35.8675,1.16,DROWSY
111.65,586.4,70.86,1.1253,-0.04,0.001,0.02,-1.529,0.024,1.844,36.185,1.17,DROWSY
111.6,586.4,70.72,1.1956,-0.024,0.009,0.02,-1.535,0.024,1.846,36.5025,1.18,DROWSY
111.55,586.4,70.58,1.2659,-0.01,-0.042,0.023,-1.538,0.029,1.85,36.82,1.19,DROWSY
111.5,586.4,70.44,1.3362,0.006,-0.069,0.033,-1.54,0.034,1.854,37.02666667,1.196666667,DROWSY
111.45,586.4,70.3,1.4065,-0.028,-0.071,0.013,-1.539,0.039,1.858,37.23333333,1.203333333,DROWSY
111.4,586.4,70.16,1.4768,-0.03,-0.051,0.025,-1.542,0.041,1.862,37.44,1.21,DROWSY
111.35,586.4,70.02,1.5471,-0.032,-0.001,0.031,-1.545,0.042,1.864,37.92666667,1.226666667,DROWSY
111.3,586.4,69.88,1.6174,-0.006,0.006,0.019,-1.549,0.04,1.867,38.41333333,1.243333333,DROWSY
111.25,586.4,69.74,1.6877,-0.035,0.025,0.019,-1.551,0.036,1.868,38.9,1.26,DROWSY
111.2,586.4,69.6,1.758,-0.041,0.041,0.029,-1.554,0.033,1.87,39.2075,1.27,DROWSY
111.24,586.37,69.46,1.8634,-0.038,0.019,0.022,-1.557,0.032,1.872,39.515,1.28,DROWSY
111.28,586.34,69.32,1.9688,-0.042,0.007,0.029,-1.559,0.032,1.874,39.8225,1.29,DROWSY
111.32,586.31,69.18,2.0742,-0.005,-0.012,0.029,-1.561,0.03,1.876,40.13,1.3,DROWSY
111.36,586.28,69.04,2.1796,0,-0.021,0.03,-1.564,0.03,1.878,40.1625,1.3,DROWSY
111.4,586.25,68.9,2.285,-0.015,0.003,0.016,-1.566,0.03,1.881,40.195,1.3,DROWSY
111.44,586.22,68.76,2.3904,-0.026,-0.007,0.004,-1.569,0.029,1.884,40.2275,1.3,DROWSY
111.48,586.19,68.62,2.4958,-0.036,0.013,0.013,-1.568,0.028,1.885,40.26,1.3,DROWSY
111.52,586.16,68.48,2.6012,-0.045,0.05,-0.004,-1.57,0.027,1.887,40.285,1.3,DROWSY
111.56,586.13,68.34,2.7066,-0.01,0.046,-0.013,-1.569,0.025,1.888,40.31,1.3,DROWSY
111.6,586.1,68.2,2.812,-0.023,0.045,-0.048,-1.566,0.024,1.889,40.335,1.3,DROWSY
111.51,586.11,68.09,2.7769,-0.036,0.027,-0.018,-1.564,0.022,1.89,40.36,1.3,DROWSY
111.42,586.12,67.98,2.7418,0.007,0.021,-0.02,-1.563,0.021,1.892,40.53333333,1.31,DROWSY
111.33,586.13,67.87,2.7067,-0.034,0.019,-0.052,-1.561,0.02,1.893,40.70666667,1.32,DROWSY
111.24,586.14,67.76,2.6716,-0.034,0.025,-0.018,-1.56,0.019,1.893,40.88,1.33,DROWSY
111.15,586.15,67.65,2.6365,-0.025,0.017,-0.029,-1.559,0.017,1.895,41.18666667,1.34,DROWSY
111.06,586.16,67.54,2.6014,-0.017,0.018,-0.029,-1.557,0.017,1.896,41.49333333,1.35,DROWSY
110.97,586.17,67.43,2.5663,-0.026,-0.004,-0.027,-1.555,0.019,1.898,41.8,1.36,DROWSY
110.88,586.18,67.32,2.5312,-0.025,-0.021,-0.034,-1.555,0.02,1.9,41.77,1.358,DROWSY
110.79,586.19,67.21,2.4961,-0.025,0.017,-0.013,-1.555,0.021,1.902,41.74,1.356,DROWSY
110.7,586.2,67.1,2.461,0.014,0.001,-0.001,-1.552,0.02,1.903,41.71,1.354,DROWSY
110.72,586.15,67,2.4258,-0.013,-0.047,0.004,-1.551,0.021,1.906,41.68,1.352,DROWSY
110.74,586.1,66.9,2.3906,-0.038,-0.086,0.012,-1.551,0.023,1.91,41.65,1.35,DROWSY
110.76,586.05,66.8,2.3554,-0.017,-0.085,0.045,-1.552,0.023,1.913,41.74,1.353333333,DROWSY
110.78,586,66.7,2.3202,-0.078,-0.008,0.032,-1.551,0.014,1.914,41.83,1.356666667,DROWSY
110.8,585.95,66.6,2.285,0.026,0.04,0.03,-1.549,0.01,1.914,41.92,1.36,DROWSY
110.82,585.9,66.5,2.2498,0.023,0.058,0.039,-1.551,0.006,1.914,42.16333333,1.366666667,DROWSY
110.84,585.85,66.4,2.2146,-0.021,0.04,0.027,-1.556,-0.001,1.915,42.40666667,1.373333333,DROWSY
110.86,585.8,66.3,2.1794,-0.055,-0.026,0.062,-1.562,0.001,1.917,42.65,1.38,DROWSY
110.88,585.75,66.2,2.1442,-0.035,-0.062,0.017,-1.567,0.008,1.92,42.592,1.378,DROWSY
110.9,585.7,66.1,2.109,-0.019,-0.049,0.038,-1.57,0.015,1.923,42.534,1.376,DROWSY
111,585.67,65.99,2.109,0.002,-0.041,0.048,-1.574,0.019,1.926,42.476,1.374,DROWSY
111.1,585.64,65.88,2.109,-0.019,-0.017,0.027,-1.58,0.025,1.928,42.418,1.372,DROWSY
111.2,585.61,65.77,2.109,0.003,-0.021,0.027,-1.584,0.027,1.931,42.36,1.37,DROWSY
111.3,585.58,65.66,2.109,-0.035,-0.023,0.01,-1.587,0.028,1.934,42.39,1.37,DROWSY
111.4,585.55,65.55,2.109,-0.041,-0.006,0.03,-1.593,0.031,1.937,42.42,1.37,DROWSY
111.5,585.52,65.44,2.109,-0.013,0.019,0.015,-1.595,0.029,1.938,42.45,1.37,DROWSY
111.6,585.49,65.33,2.109,0.01,0.053,0.01,-1.597,0.023,1.937,42.48,1.37,DROWSY
111.7,585.46,65.22,2.109,0.031,0.063,-0.004,-1.597,0.015,1.936,42.4075,1.3675,DROWSY
111.8,585.43,65.11,2.109,0.002,0.069,-0.009,-1.595,0.007,1.935,42.335,1.365,DROWSY
111.9,585.4,65,2.109,-0.032,0.067,0.015,-1.597,0.001,1.935,42.2625,1.3625,DROWSY
112.21,585.43,64.86,2.0387,-0.026,0.043,0.016,-1.597,-0.004,1.935,42.19,1.36,DROWSY
112.52,585.46,64.72,1.9684,-0.025,0.035,-0.014,-1.595,-0.005,1.935,42.11,1.35,DROWSY
112.83,585.49,64.58,1.8981,-0.007,0.017,-0.003,-1.596,-0.006,1.935,42.03,1.34,DROWSY
113.14,585.52,64.44,1.8278,-0.021,-0.003,0.013,-1.598,-0.006,1.936,41.95,1.33,DROWSY
113.45,585.55,64.3,1.7575,-0.033,0.011,-0.003,-1.597,-0.005,1.937,41.9975,1.33,DROWSY
113.76,585.58,64.16,1.6872,-0.019,0,0.017,-1.598,-0.005,1.937,42.045,1.33,DROWSY
114.07,585.61,64.02,1.6169,0.007,0.017,0.011,-1.598,-0.004,1.937,42.0925,1.33,DROWSY
114.38,585.64,63.88,1.5466,-0.021,0.004,0.01,-1.599,-0.004,1.939,42.14,1.33,DROWSY
114.69,585.67,63.74,1.4763,0.004,0.002,-0.009,-1.6,-0.003,1.94,42.17,1.332,DROWSY
115,585.7,63.6,1.406,-0.031,0.016,-0.023,-1.6,0,1.941,42.2,1.334,DROWSY
115,585.7,63.6,1.406,-0.023,-0.015,-0.041,-1.597,-0.001,1.942,42.23,1.336,DROWSY
115,585.7,63.6,1.406,-0.023,-0.015,-0.041,-1.597,-0.001,1.942,42.26,1.338,DROWSY
115,585.7,63.6,1.406,-0.008,-0.023,-0.009,-1.596,-0.002,1.943,42.29,1.34,DROWSY
115,585.7,63.6,1.406,-0.011,-0.017,-0.038,-1.596,0.001,1.944,42.33,1.336666667,DROWSY
115,585.7,63.6,1.406,-0.003,-0.022,-0.031,-1.592,0.001,1.945,42.37,1.333333333,DROWSY
115,585.7,63.6,1.406,-0.001,-0.011,-0.03,-1.588,0.004,1.946,42.41,1.33,DROWSY
115,585.7,63.6,1.406,0.007,-0.024,-0.004,-1.585,0.006,1.948,42.426,1.33,DROWSY
115,585.7,63.6,1.406,0.015,-0.064,-0.015,-1.582,0.009,1.95,42.442,1.33,DROWSY
115,585.7,63.6,1.406,-0.02,-0.058,-0.005,-1.581,0.015,1.953,42.458,1.33,DROWSY
115,585.7,63.6,1.406,-0.034,-0.041,-0.007,-1.579,0.019,1.955,42.474,1.33,DROWSY
115.08,585.67,63.5,1.406,-0.089,-0.001,-0.012,-1.579,0.02,1.956,42.49,1.33,DROWSY
115.16,585.64,63.4,1.406,-0.079,0.026,-0.006,-1.579,0.022,1.957,42.67,1.333333333,DROWSY
115.24,585.61,63.3,1.406,0.036,-0.01,-0.007,-1.58,0.024,1.958,42.85,1.336666667,DROWSY
115.32,585.58,63.2,1.406,0.049,-0.001,-0.026,-1.578,0.023,1.958,43.03,1.34,DROWSY
115.4,585.55,63.1,1.406,-0.006,0.043,0.004,-1.575,0.019,1.957,43.15,1.3425,DROWSY
115.48,585.52,63,1.406,-0.057,0.073,-0.017,-1.576,0.014,1.956,43.27,1.345,DROWSY
115.56,585.49,62.9,1.406,-0.044,0.069,-0.016,-1.574,0.01,1.955,43.39,1.3475,DROWSY
115.64,585.46,62.8,1.406,0.014,0.026,-0.017,-1.575,0.011,1.955,43.51,1.35,DROWSY
115.72,585.43,62.7,1.406,0.045,0.003,-0.028,-1.574,0.012,1.955,43.49,1.35,DROWSY
115.8,585.4,62.6,1.406,-0.004,0.005,-0.005,-1.573,0.013,1.955,43.47,1.35,DROWSY
115.79,585.44,62.56,1.406,-0.042,0.024,0.008,-1.574,0.011,1.955,43.45,1.35,DROWSY
115.78,585.48,62.52,1.406,-0.031,0.026,0.004,-1.576,0.006,1.955,43.434,1.35,DROWSY
115.77,585.52,62.48,1.406,-0.043,-0.006,-0.014,-1.576,0.007,1.956,43.418,1.35,DROWSY
115.76,585.56,62.44,1.406,-0.003,-0.042,-0.003,-1.574,0.008,1.958,43.402,1.35,DROWSY
115.75,585.6,62.4,1.406,0.015,-0.06,0.004,-1.574,0.013,1.96,43.386,1.35,DROWSY
115.74,585.64,62.36,1.406,-0.014,-0.034,0.009,-1.577,0.017,1.962,43.37,1.35,DROWSY
115.73,585.68,62.32,1.406,0.001,-0.02,0.027,-1.58,0.019,1.963,43.41125,1.35,DROWSY
115.72,585.72,62.28,1.406,-0.012,-0.007,0.014,-1.582,0.021,1.964,43.4525,1.35,DROWSY
115.71,585.76,62.24,1.406,0.016,0.016,-0.007,-1.58,0.019,1.965,43.49375,1.35,DROWSY
115.7,585.8,62.2,1.406,0.001,0.006,0.003,-1.5785,0.018,1.9655,43.535,1.35,DROWSY
115.82,585.65,61.96,1.406,-0.014,-0.004,0.013,-1.577,0.017,1.966,43.57625,1.35,DROWSY
115.94,585.5,61.72,1.406,-0.032,0.002,0.01,-1.578,0.017,1.967,43.6175,1.35,DROWSY
116.06,585.35,61.48,1.406,-0.016,0.007,0.012,-1.58,0.019,1.968,43.65875,1.35,DROWSY
116.18,585.2,61.24,1.406,0.049,-0.031,-0.021,-1.581,0.022,1.969,43.7,1.35,DROWSY
116.3,585.05,61,1.406,0.059,-0.054,-0.031,-1.58,0.024,1.97,43.78857143,1.352857143,DROWSY
116.42,584.9,60.76,1.406,0.005,-0.044,-0.035,-1.578,0.025,1.971,43.87714286,1.355714286,DROWSY
116.54,584.75,60.52,1.406,-0.038,-0.03,-0.02,-1.578,0.025,1.973,43.96571429,1.358571429,DROWSY
116.66,584.6,60.28,1.406,-0.091,-0.021,-0.026,-1.573,0.026,1.978,44.05428571,1.361428571,DROWSY
116.78,584.45,60.04,1.406,-0.011,-0.016,-0.006,-1.572,0.027,1.98,44.14285714,1.364285714,DROWSY
116.9,584.3,59.8,1.406,0.001,0.001,-0.016,-1.57,0.028,1.981,44.23142857,1.367142857,DROWSY
116.9,584.3,59.8,1.5115,0.018,0.024,-0.025,-1.566,0.025,1.981,44.32,1.37,DROWSY
116.9,584.3,59.8,1.617,0.039,0.012,-0.015,-1.564,0.025,1.982,44.375,1.37,DROWSY
116.9,584.3,59.8,1.7225,0.039,0.012,-0.015,-1.564,0.025,1.982,44.43,1.37,DROWSY
116.9,584.3,59.8,1.828,0.024,-0.002,-0.019,-1.562,0.026,1.983,44.485,1.37,DROWSY
116.9,584.3,59.8,1.9335,-0.023,0.012,-0.025,-1.561,0.026,1.985,44.54,1.37,DROWSY
116.9,584.3,59.8,2.039,-0.046,0.018,-0.034,-1.561,0.028,1.986,44.5875,1.3725,DROWSY
116.9,584.3,59.8,2.1445,-0.046,0.009,-0.006,-1.559,0.026,1.987,44.635,1.375,DROWSY
116.9,584.3,59.8,2.25,-0.031,0.006,-0.036,-1.559,0.027,1.989,44.6825,1.3775,DROWSY
116.9,584.3,59.8,2.3555,0.033,0.004,-0.011,-1.557,0.029,1.99,44.73,1.38,DROWSY
116.9,584.3,59.8,2.461,0.022,0.002,-0.018,-1.556,0.029,1.992,44.78333333,1.38,DROWSY
116.89,584.41,59.69,2.461,-0.01,-0.002,-0.043,-1.556,0.029,1.992,44.83666667,1.38,DROWSY
116.88,584.52,59.58,2.461,-0.019,0.014,-0.032,-1.553,0.027,1.993,44.89,1.38,DROWSY
116.87,584.63,59.47,2.461,-0.055,0.023,-0.031,-1.552,0.024,1.993,44.9225,1.3825,DROWSY
116.86,584.74,59.36,2.461,-0.003,0.042,-0.002,-1.552,0.02,1.993,44.955,1.385,DROWSY
116.85,584.85,59.25,2.461,0.007,0.055,-0.016,-1.549,0.016,1.992,44.9875,1.3875,DROWSY
116.84,584.96,59.14,2.461,0.035,0.073,0.001,-1.546,0.011,1.99,45.02,1.39,DROWSY
116.83,585.07,59.03,2.461,0.007,0.087,0.007,-1.544,0.003,1.989,45.25,1.396666667,DROWSY
116.82,585.18,58.92,2.461,-0.033,0.056,-0.015,-1.546,-0.001,1.988,45.48,1.403333333,DROWSY
116.81,585.29,58.81,2.461,0.002,0.045,0.007,-1.547,-0.004,1.987,45.71,1.41,DROWSY
116.8,585.4,58.7,2.461,-0.017,0.043,0.016,-1.548,-0.009,1.986,45.9,1.416666667,DROWSY
116.6,585.27,58.6,2.3555,-0.007,0.041,-0.019,-1.551,-0.008,1.985,46.09,1.423333333,DROWSY
116.4,585.14,58.5,2.25,0.008,0.016,0.002,-1.55,-0.009,1.984,46.28,1.43,DROWSY
116.2,585.01,58.4,2.1445,0.022,-0.017,0.016,-1.547,-0.009,1.984,46.45,1.44,DROWSY
116,584.88,58.3,2.039,-0.037,-0.004,-0.019,-1.547,-0.008,1.985,46.62,1.45,DROWSY
115.8,584.75,58.2,1.9335,-0.005,-0.025,0.003,-1.549,-0.007,1.985,46.79,1.46,DROWSY
115.6,584.62,58.1,1.828,-0.007,-0.02,-0.015,-1.544,-0.002,1.987,46.92333333,1.463333333,DROWSY
115.4,584.49,58,1.7225,-0.03,-0.015,-0.009,-1.544,-0.001,1.988,47.05666667,1.466666667,DROWSY
115.2,584.36,57.9,1.617,-0.031,-0.044,-0.012,-1.543,0.003,1.99,47.19,1.47,DROWSY
115,584.23,57.8,1.5115,-0.034,-0.015,-0.009,-1.54,0.007,1.991,47.4325,1.4775,DROWSY
114.8,584.1,57.7,1.406,-0.008,0.005,0.012,-1.54,0.01,1.992,47.675,1.485,DROWSY
114.8,584.1,57.7,1.3709,0.011,0.009,-0.001,-1.539,0.012,1.992,47.9175,1.4925,DROWSY
114.8,584.1,57.7,1.3358,0.041,0.031,-0.006,-1.535,0.01,1.992,48.16,1.5,DROWSY
114.8,584.1,57.7,1.3007,-0.004,0.008,-0.024,-1.534,0.008,1.992,48.2,1.504,DROWSY
114.8,584.1,57.7,1.2656,-0.004,0.008,-0.024,-1.534,0.008,1.992,48.24,1.508,DROWSY
114.8,584.1,57.7,1.2305,-0.011,0.017,-0.013,-1.534,0.01,1.993,48.28,1.512,DROWSY
114.8,584.1,57.7,1.1954,-0.038,0.028,-0.007,-1.533,0.009,1.993,48.32,1.516,DROWSY
114.8,584.1,57.7,1.1603,-0.033,-0.014,-0.011,-1.533,0.008,1.994,48.36,1.52,DROWSY
114.8,584.1,57.7,1.1252,-0.012,-0.024,0.009,-1.535,0.01,1.995,48.4025,1.52,DROWSY
114.8,584.1,57.7,1.0901,-0.025,-0.045,0.031,-1.537,0.015,1.997,48.445,1.52,DROWSY
114.8,584.1,57.7,1.055,0.007,-0.038,0.04,-1.539,0.018,1.999,48.4875,1.52,DROWSY
114.69,584.11,57.59,1.1253,-0.004,-0.042,0.027,-1.542,0.022,2,48.53,1.52,DROWSY
114.58,584.12,57.48,1.1956,-0.027,-0.004,0.036,-1.545,0.021,2,36.1475,0.89,DROWSY
114.47,584.13,57.37,1.2659,0.011,0.008,0.047,-1.547,0.018,2,23.765,0.26,DROWSY
114.36,584.14,57.26,1.3362,-0.02,0.01,0.05,-1.551,0.018,2.001,11.3825,-0.37,DROWSY
114.25,584.15,57.15,1.4065,-0.056,-0.023,0.032,-1.553,0.021,2.002,-1,-1,DROWSY
114.14,584.16,57.04,1.4768,-0.022,-0.027,0.051,-1.557,0.022,2.004,-1,-1,DROWSY
114.03,584.17,56.93,1.5471,0,0.008,0.018,-1.561,0.024,2.004,-1,-1,DROWSY
113.92,584.18,56.82,1.6174,-0.03,0,0.026,-1.563,0.023,2.004,-1,-1,DROWSY
113.81,584.19,56.71,1.6877,0.011,0.001,0.011,-1.562,0.019,2.005,-1,-1,DROWSY
113.7,584.2,56.6,1.758,0.012,-0.01,-0.001,-1.563,0.02,2.006,-1,-1,DROWSY
113.78,584.18,56.53,1.758,-0.036,0.018,0.002,-1.563,0.021,2.007,-1,-1,DROWSY
113.86,584.16,56.46,1.758,-0.003,0.015,0.028,-1.565,0.023,2.008,-1,-1,DROWSY
113.94,584.14,56.39,1.758,0.008,-0.022,-0.02,-1.563,0.025,2.009,-1,-1,DROWSY
114.02,584.12,56.32,1.758,-0.034,-0.03,-0.012,-1.561,0.025,2.009,-1,-1,DROWSY
114.1,584.1,56.25,1.758,0.038,-0.03,-0.012,-1.56,0.026,2.01,-1,-1,DROWSY
114.18,584.08,56.18,1.758,-0.001,-0.029,-0.026,-1.556,0.027,2.012,-1,-1,DROWSY
114.26,584.06,56.11,1.758,-0.035,-0.012,-0.013,-1.555,0.026,2.013,-1,-1,DROWSY
114.34,584.04,56.04,1.758,-0.032,-0.035,-0.011,-1.554,0.027,2.014,-1,-1,DROWSY
114.42,584.02,55.97,1.758,-0.07,0.009,-0.044,-1.551,0.027,2.014,-1,-1,DROWSY
114.5,584,55.9,1.758,-0.058,0.041,0.004,-1.552,0.023,2.014,-1,-1,DROWSY
114.43,584.14,55.76,1.7931,-0.021,0.03,-0.028,-1.551,0.017,2.013,-1,-1,DROWSY
114.36,584.28,55.62,1.8282,0.001,0.063,-0.043,-1.549,0.012,2.011,-1,-1,DROWSY
114.29,584.42,55.48,1.8633,0.013,0.039,-0.026,-1.547,0.007,2.011,-1,-1,DROWSY
114.22,584.56,55.34,1.8984,0.004,0.003,-0.033,-1.545,0.004,2.011,-1,-1,DROWSY
114.15,584.7,55.2,1.9335,-0.016,-0.011,-0.021,-1.542,0.006,2.012,-1,-1,DROWSY
114.08,584.84,55.06,1.9686,-0.029,0.027,-0.035,-1.54,0.008,2.011,-1,-1,DROWSY
114.01,584.98,54.92,2.0037,-0.042,0.012,-0.009,-1.54,0.006,2.011,-1,-1,DROWSY
113.94,585.12,54.78,2.0388,-0.02,-0.001,-0.007,-1.538,0.005,2.011,-1,-1,DROWSY
113.87,585.26,54.64,2.0739,-0.016,0,-0.014,-1.538,0.006,2.01,-1,-1,DROWSY
113.8,585.4,54.5,2.109,-0.015,-0.01,-0.011,-1.535,0.005,2.011,-1,-1,DROWSY
113.67,585.39,54.46,2.0739,-0.017,-0.033,-0.031,-1.534,0.008,2.012,-1,-1,DROWSY
113.54,585.38,54.42,2.0388,-0.029,-0.057,-0.008,-1.534,0.014,2.014,-1,-1,DROWSY
113.41,585.37,54.38,2.0037,-0.022,-0.053,-0.039,-1.535,0.02,2.017,-1,-1,DROWSY
113.28,585.36,54.34,1.9686,0,-0.032,-0.02,-1.531,0.022,2.018,-1,-1,DROWSY
113.15,585.35,54.3,1.9335,0.016,-0.03,-0.01,-1.531,0.024,2.02,-1,-1,DROWSY
113.02,585.34,54.26,1.8984,-0.003,-0.013,-0.004,-1.532,0.028,2.021,-1,-1,DROWSY
112.89,585.33,54.22,1.8633,-0.036,-0.011,0.019,-1.533,0.029,2.023,-1,-1,DROWSY
112.76,585.32,54.18,1.8282,-0.014,-0.028,0.015,-1.532,0.03,2.024,-1,-1,DROWSY
112.63,585.31,54.14,1.7931,-0.017,0.002,-0.01,-1.533,0.029,2.026,-1,-1,DROWSY
112.5,585.3,54.1,1.758,-0.061,-0.006,0.027,-1.536,0.033,2.027,-1,-1,DROWSY
112.38,585.14,53.96,1.758,-0.045,0.007,0.029,-1.539,0.033,2.028,-1,-1,DROWSY
112.26,584.98,53.82,1.758,0.002,0.003,0.013,-1.541,0.033,2.029,-1,-1,DROWSY
112.14,584.82,53.68,1.758,-0.014,0.004,0.03,-1.541,0.033,2.029,-1,-1,DROWSY
112.02,584.66,53.54,1.758,-0.004,0.023,0.002,-1.544,0.033,2.029,-1,-1,DROWSY
111.9,584.5,53.4,1.758,-0.013,0.011,0.009,-1.543,0.03,2.03,-1,-1,DROWSY
111.78,584.34,53.26,1.758,-0.01,0.047,0.002,-1.545,0.027,2.029,-1,-1,DROWSY
111.66,584.18,53.12,1.758,-0.039,0.028,0.022,-1.545,0.022,2.029,-1,-1,DROWSY
111.54,584.02,52.98,1.758,-0.026,0.048,0.014,-1.547,0.02,2.029,-1,-1,DROWSY
111.42,583.86,52.84,1.758,-0.018,0.04,0.019,-1.548,0.019,2.029,-1,-1,DROWSY
111.3,583.7,52.7,1.758,-0.014,0.029666667,0.015666667,-1.548333333,0.018,2.028666667,-1,-1,DROWSY
111.25,583.75,52.6,1.8283,-0.01,0.019333333,0.012333333,-1.548666667,0.017,2.028333333,-1,-1,DROWSY
111.2,583.8,52.5,1.8986,-0.006,0.009,0.009,-1.549,0.016,2.028,-1,-1,DROWSY
111.15,583.85,52.4,1.9689,0.007,-0.013,0.017,-1.549,0.017,2.028,-1,-1,DROWSY
111.1,583.9,52.3,2.0392,-0.017,-0.006,0.012,-1.55,0.015,2.028,-1,-1,DROWSY
111.05,583.95,52.2,2.1095,-0.037,0.008,0.009,-1.55,0.012,2.028,-1,-1,DROWSY
111,584,52.1,2.1798,-0.054,0.028,0.004,-1.553,0.01,2.028,-1,-1,DROWSY
110.95,584.05,52,2.2501,-0.008,0.026,0.01,-1.554,0.007,2.028,-1,-1,DROWSY
110.9,584.1,51.9,2.3204,0.03,-0.009,-0.002,-1.553,0.007,2.029,-1,-1,DROWSY
110.85,584.15,51.8,2.3907,-0.001,-0.058,0.023,-1.553,0.011,2.03,-1,-1,DROWSY
110.8,584.2,51.7,2.461,-0.009,-0.014,0.011,-1.554,0.014,2.031,-1,-1,DROWSY
114.7,588.8,88.6,2.441,0.016,0.012,-0.031,-1.52,-0.017,-2.46,6.07,0.19,AGGRESSIVE
114.55,588.75,88.53,2.5117,-0.05,-0.029,-0.013,-1.522,-0.018,-2.46,6.03,0.19,AGGRESSIVE
114.4,588.7,88.46,2.5824,0.053,-0.019,-0.005,-1.524,-0.023,-2.459,5.99,0.19,AGGRESSIVE
114.25,588.65,88.39,2.6531,0.081,-0.023,-0.031,-1.524,-0.022,-2.459,5.95,0.19,AGGRESSIVE
114.1,588.6,88.32,2.7238,-0.094,0.052,-0.012,-1.524,-0.021,-2.458,5.91,0.19,AGGRESSIVE
113.95,588.55,88.25,2.7945,-0.013,0.054,-0.036,-1.524,-0.02,-2.458,4.528,-0.048,AGGRESSIVE
113.8,588.5,88.18,2.8652,0.038,-0.093,-0.007,-1.525,-0.019,-2.459,3.146,-0.286,AGGRESSIVE
113.65,588.45,88.11,2.9359,-0.031,0.038,-0.013,-1.525,-0.019,-2.458,1.764,-0.524,AGGRESSIVE
113.5,588.4,88.04,3.0066,-0.064,0.039,-0.035,-1.526,-0.017,-2.458,0.382,-0.762,AGGRESSIVE
113.35,588.35,87.97,3.0773,-0.059,0.034,0.019,-1.527,-0.016,-2.457,-1,-1,AGGRESSIVE
113.2,588.3,87.9,3.148,0.03,0.009,-0.046,-1.525,-0.016,-2.457,2.37,-0.41,AGGRESSIVE
113.06,588.23,87.82,2.9848,0.05,-0.027,-0.02,-1.525,-0.016,-2.457,5.74,0.18,AGGRESSIVE
112.92,588.16,87.74,2.8216,-0.021,0,-0.023,-1.525,-0.017,-2.457,5.768,0.182,AGGRESSIVE
112.78,588.09,87.66,2.6584,0.091,-0.031,-0.018,-1.524,-0.019,-2.456,5.796,0.184,AGGRESSIVE
112.64,588.02,87.58,2.4952,0.032,-0.032,-0.038,-1.525,-0.02,-2.456,5.824,0.186,AGGRESSIVE
112.5,587.95,87.5,2.332,-0.091,0.037,-0.047,-1.526,-0.019,-2.455,5.852,0.188,AGGRESSIVE
112.36,587.88,87.42,2.1688,0.008,-0.056,0.016,-1.529,-0.019,-2.454,5.88,0.19,AGGRESSIVE
112.22,587.81,87.34,2.0056,-0.072,0.031,-0.015,-1.527,-0.013,-2.454,5.92,0.19,AGGRESSIVE
112.08,587.74,87.26,1.8424,-0.044,0.022,0.01,-1.527,-0.006,-2.453,5.96,0.19,AGGRESSIVE
111.94,587.67,87.18,1.6792,0.021,-0.019,0.07,-1.531,-0.009,-2.452,5.9925,0.1925,AGGRESSIVE
111.8,587.6,87.1,1.516,-0.036,0.041,0.071,-1.532,-0.009,-2.452,6.025,0.195,AGGRESSIVE
111.86,587.65,87.1,1.4454,-0.057,0.043,0.087,-1.546,-0.004,-2.452,6.0575,0.1975,AGGRESSIVE
111.92,587.7,87.1,1.3748,-0.051,0.077,0.115,-1.55,-0.004,-2.452,6.09,0.2,AGGRESSIVE
111.98,587.75,87.1,1.3042,-0.02,0.05,0.08,-1.55,-0.003,-2.452,6.183333333,0.203333333,AGGRESSIVE
112.04,587.8,87.1,1.2336,0.057,-0.016,0.083,-1.552,-0.002,-2.452,6.276666667,0.206666667,AGGRESSIVE
112.1,587.85,87.1,1.163,-0.01,0.02,0.07,-1.561,-0.01,-2.452,6.37,0.21,AGGRESSIVE
112.16,587.9,87.1,1.0924,-0.051,0.068,0.066,-1.568,-0.022,-2.452,6.425,0.21,AGGRESSIVE
112.22,587.95,87.1,1.0218,-0.117,0.074,0.058,-1.572,-0.027,-2.452,6.48,0.21,AGGRESSIVE
112.28,588,87.1,0.9512,-0.043,0.023,0.068,-1.577,-0.023,-2.452,6.47,0.21,AGGRESSIVE
112.34,588.05,87.1,0.8806,-0.058,0.02,0.026,-1.582,-0.021,-2.452,6.46,0.21,AGGRESSIVE
112.4,588.1,87.1,0.81,-0.096,0.04,0.076,-1.583,-0.019,-2.451,6.45,0.21,AGGRESSIVE
112.67,588.14,87.1,0.729,0.038,-0.069,0.06,-1.583,-0.018,-2.45,6.44,0.21,AGGRESSIVE
112.94,588.18,87.1,0.648,0.026,-0.044,0.083,-1.583,-0.018,-2.449,6.473333333,0.21,AGGRESSIVE
113.21,588.22,87.1,0.567,0.049,-0.043,0.059,-1.581,-0.019,-2.448,6.506666667,0.21,AGGRESSIVE
113.48,588.26,87.1,0.486,0.036,-0.047,0.065,-1.582,-0.019,-2.448,6.54,0.21,AGGRESSIVE
113.75,588.3,87.1,0.405,-0.052,0.042,0.049,-1.582,-0.02,-2.446,6.575,0.21,AGGRESSIVE
114.02,588.34,87.1,0.324,0.008,-0.028,0.04,-1.585,-0.027,-2.446,6.61,0.21,AGGRESSIVE
114.29,588.38,87.1,0.243,0.008,-0.028,0.04,-1.585,-0.027,-2.446,6.645,0.21,AGGRESSIVE
114.56,588.42,87.1,0.162,-0.051,-0.019,0.047,-1.585,-0.032,-2.445,6.68,0.21,AGGRESSIVE
114.83,588.46,87.1,0.081,0.037,-0.016,0.036,-1.585,-0.033,-2.445,6.715,0.21,AGGRESSIVE
115.1,588.5,87.1,0,-0.015,0.014,0.027,-1.591,-0.027,-2.445,6.75,0.21,AGGRESSIVE
115.39,588.57,87.1,0,0.01,-0.007,0.029,-1.592,-0.029,-2.445,6.773333333,0.21,AGGRESSIVE
115.68,588.64,87.1,0,-0.003,0.021,0.022,-1.595,-0.037,-2.446,6.796666667,0.21,AGGRESSIVE
115.97,588.71,87.1,0,0.03,-0.006,-0.071,-1.591,-0.038,-2.446,6.82,0.21,AGGRESSIVE
116.26,588.78,87.1,0,-0.034,0.013,-0.053,-1.585,-0.035,-2.446,6.86,0.213333333,AGGRESSIVE
116.55,588.85,87.1,0,-0.029,0.005,-0.08,-1.579,-0.03,-2.445,6.9,0.216666667,AGGRESSIVE
116.84,588.92,87.1,0,-0.042,-0.014,-0.067,-1.571,-0.028,-2.444,6.94,0.22,AGGRESSIVE
117.13,588.99,87.1,0,-0.011,0.002,-0.033,-1.566,-0.028,-2.444,6.9375,0.2175,AGGRESSIVE
117.42,589.06,87.1,0,0.06,0.016,-0.074,-1.564,-0.028,-2.443,6.935,0.215,AGGRESSIVE
117.71,589.13,87.1,0,0.006,0.011,-0.077,-1.563,-0.026,-2.444,6.9325,0.2125,AGGRESSIVE
118,589.2,87.1,0,-0.034,0.023,-0.033,-1.564,-0.026,-2.444,6.93,0.21,AGGRESSIVE
117.88,589.17,86.99,0.1049,-0.067,0.039,-0.043,-1.565,-0.025,-2.444,6.92,0.21,AGGRESSIVE
117.76,589.14,86.88,0.2098,-0.022,-0.034,-0.022,-1.566,-0.023,-2.443,6.91,0.21,AGGRESSIVE
117.64,589.11,86.77,0.3147,-0.01,0.008,-0.037,-1.56,-0.019,-2.443,6.9,0.21,AGGRESSIVE
117.52,589.08,86.66,0.4196,0.021,0.021,-0.015,-1.558,-0.021,-2.443,6.89,0.21,AGGRESSIVE
117.4,589.05,86.55,0.5245,-0.022,-0.022,-0.011,-1.557,-0.022,-2.442,6.855,0.21,AGGRESSIVE
117.28,589.02,86.44,0.6294,-0.023,-0.013,0.001,-1.552,-0.024,-2.442,6.82,0.21,AGGRESSIVE
117.16,588.99,86.33,0.7343,0.022,-0.016,-0.018,-1.551,-0.025,-2.442,6.785,0.21,AGGRESSIVE
117.04,588.96,86.22,0.8392,-0.056,-0.028,-0.009,-1.549,-0.026,-2.442,6.75,0.21,AGGRESSIVE
116.92,588.93,86.11,0.9441,-0.036,0.006,0.009,-1.55,-0.026,-2.442,6.74,0.21,AGGRESSIVE
116.8,588.9,86,1.049,0.023,0.034,-0.034,-1.548,-0.029,-2.442,6.73,0.21,AGGRESSIVE
116.7,588.83,85.95,1.1005,-0.01,0.029,0.018,-1.546,-0.029,-2.443,6.72,0.21,AGGRESSIVE
116.6,588.76,85.9,1.152,0.025,0.013,-0.019,-1.545,-0.031,-2.443,6.71,0.21,AGGRESSIVE
116.5,588.69,85.85,1.2035,0.015,0.046,0.001,-1.541,-0.032,-2.444,6.6925,0.2075,AGGRESSIVE
116.4,588.62,85.8,1.255,-0.02,0.004,-0.009,-1.541,-0.037,-2.445,6.675,0.205,AGGRESSIVE
116.3,588.55,85.75,1.3065,-0.048,0.083,0.004,-1.541,-0.043,-2.447,6.6575,0.2025,AGGRESSIVE
116.2,588.48,85.7,1.358,0.053,0.026,0,-1.541,-0.039,-2.448,6.64,0.2,AGGRESSIVE
116.1,588.41,85.65,1.4095,0.031,0.017,-0.028,-1.539,-0.037,-2.449,4.73,-0.1,AGGRESSIVE
116,588.34,85.6,1.461,-0.004,0.021,0.016,-1.538,-0.039,-2.449,2.82,-0.4,AGGRESSIVE
115.9,588.27,85.55,1.5125,-0.023,0.01,0.009,-1.538,-0.039,-2.45,0.91,-0.7,AGGRESSIVE
115.8,588.2,85.5,1.564,0.042,0.022,-0.023,-1.538,-0.04,-2.45,-1,-1,AGGRESSIVE
115.74,588.19,85.45,1.5074,-0.045,-0.004,-0.031,-1.539,-0.045,-2.45,-1,-1,AGGRESSIVE
115.68,588.18,85.4,1.4508,-0.004,-0.034,0,-1.543,-0.045,-2.45,-1,-1,AGGRESSIVE
115.62,588.17,85.35,1.3942,-0.116,-0.04,-0.012,-1.544,-0.043,-2.451,-1,-1,AGGRESSIVE
115.56,588.16,85.3,1.3376,0.035,-0.015,-0.04,-1.543,-0.043,-2.451,-1,-1,AGGRESSIVE
115.5,588.15,85.25,1.281,-0.037,0.051,-0.051,-1.539,-0.047,-2.45,-1,-1,AGGRESSIVE
115.44,588.14,85.2,1.2244,0.022,0.008,-0.033,-1.537,-0.048,-2.45,-1,-1,AGGRESSIVE
115.38,588.13,85.15,1.1678,-0.043,0.022,-0.039,-1.537,-0.049,-2.451,-1,-1,AGGRESSIVE
115.32,588.12,85.1,1.1112,-0.025,-0.036,-0.016,-1.537,-0.047,-2.451,-1,-1,AGGRESSIVE
115.26,588.11,85.05,1.0546,-0.043,-0.018,-0.002,-1.538,-0.048,-2.451,-1,-1,AGGRESSIVE
115.2,588.1,85,0.998,0.014,0.021,-0.04,-1.537,-0.05,-2.451,1.476666667,-0.6,AGGRESSIVE
115.06,588.12,85,0.9465,-0.011,-0.019,-0.036,-1.538,-0.043,-2.45,3.953333333,-0.2,AGGRESSIVE
114.92,588.14,85,0.895,-0.003,-0.035,-0.029,-1.536,-0.032,-2.449,6.43,0.2,AGGRESSIVE
114.78,588.16,85,0.8435,0.024,-0.027,-0.006,-1.534,-0.027,-2.449,4.5725,-0.1,AGGRESSIVE
114.64,588.18,85,0.792,-0.041,0.018,-0.066,-1.536,-0.022,-2.449,2.715,-0.4,AGGRESSIVE
114.5,588.2,85,0.7405,0.001,-0.059,-0.025,-1.537,-0.021,-2.448,0.8575,-0.7,AGGRESSIVE
114.36,588.22,85,0.689,-0.017,0.032,-0.024,-1.537,-0.022,-2.448,-1,-1,AGGRESSIVE
114.22,588.24,85,0.6375,0.027,0.032,-0.016,-1.535,-0.022,-2.447,-1,-1,AGGRESSIVE
114.08,588.26,85,0.586,0.028,-0.078,-0.033,-1.534,-0.02,-2.447,-1,-1,AGGRESSIVE
113.94,588.28,85,0.5345,-0.064,0.011,-0.1,-1.535,-0.022,-2.446,-1,-1,AGGRESSIVE
113.8,588.3,85,0.483,-0.0615,-0.0215,-0.095,-1.5355,-0.023,-2.4455,-1,-1,AGGRESSIVE
113.56,588.27,85,0.4412,-0.059,-0.054,-0.09,-1.536,-0.024,-2.445,-1,-1,AGGRESSIVE
113.32,588.24,85,0.3994,-0.039,0.037,-0.079,-1.537,-0.024,-2.445,-1,-1,AGGRESSIVE
113.08,588.21,85,0.3576,0.039,-0.015,-0.016,-1.538,-0.022,-2.445,-1,-1,AGGRESSIVE
112.84,588.18,85,0.3158,-0.088,0.032,-0.032,-1.538,-0.014,-2.446,-1,-1,AGGRESSIVE
112.6,588.15,85,0.274,0.072,0.016,-0.017,-1.536,-0.022,-2.446,-1,-1,AGGRESSIVE
112.36,588.12,85,0.2322,0.024,0.006,-0.037,-1.535,-0.028,-2.447,-1,-1,AGGRESSIVE
112.12,588.09,85,0.1904,0.013,0.046,-0.054,-1.53,-0.037,-2.448,0.74,-0.7025,AGGRESSIVE
111.88,588.06,85,0.1486,-0.025,0.029,0.004,-1.527,-0.044,-2.449,2.48,-0.405,AGGRESSIVE
111.64,588.03,85,0.1068,-0.05,0.024,-0.014,-1.529,-0.045,-2.449,4.22,-0.1075,AGGRESSIVE
111.4,588,85,0.065,-0.014,-0.03,-0.015,-1.531,-0.042,-2.448,5.96,0.19,AGGRESSIVE
